Copyright 1986-2022 Xilinx, Inc. All Rights Reserved. Copyright 2022-2023 Advanced Micro Devices, Inc. All Rights Reserved.
------------------------------------------------------------------------------------------------------------------------------------------------------------------------------------------------------------------------------
| Tool Version : Vivado v.2023.2 (win64) Build 4029153 Fri Oct 13 20:14:34 MDT 2023
| Date         : Sun Sep 13 14:57:29 2026
| Host         : Leoki running 64-bit major release  (build 9200)
| Command      : report_timing_summary -max_paths 10 -report_unconstrained -file rgb_led_top_timing_summary_routed.rpt -pb rgb_led_top_timing_summary_routed.pb -rpx rgb_led_top_timing_summary_routed.rpx -warn_on_violation
| Design       : rgb_led_top
| Device       : 7z010-clg400
| Speed File   : -1  PRODUCTION 1.12 2019-11-22
| Design State : Routed
------------------------------------------------------------------------------------------------------------------------------------------------------------------------------------------------------------------------------

Timing Summary Report

------------------------------------------------------------------------------------------------
| Timer Settings
| --------------
------------------------------------------------------------------------------------------------

  Enable Multi Corner Analysis               :  Yes
  Enable Pessimism Removal                   :  Yes
  Pessimism Removal Resolution               :  Nearest Common Node
  Enable Input Delay Default Clock           :  No
  Enable Preset / Clear Arcs                 :  No
  Disable Flight Delays                      :  No
  Ignore I/O Paths                           :  No
  Timing Early Launch at Borrowing Latches   :  No
  Borrow Time for Max Delay Exceptions       :  Yes
  Merge Timing Exceptions                    :  Yes
  Inter-SLR Compensation                     :  Conservative

  Corner  Analyze    Analyze    
  Name    Max Paths  Min Paths  
  ------  ---------  ---------  
  Slow    Yes        Yes        
  Fast    Yes        Yes        


------------------------------------------------------------------------------------------------
| Report Methodology
| ------------------
------------------------------------------------------------------------------------------------

Rule       Severity  Description                    Violations  
---------  --------  -----------------------------  ----------  
TIMING-18  Warning   Missing input or output delay  7           

Note: This report is based on the most recent report_methodology run and may not be up-to-date. Run report_methodology on the current design for the latest report.



check_timing report

Table of Contents
-----------------
1. checking no_clock (0)
2. checking constant_clock (0)
3. checking pulse_width_clock (0)
4. checking unconstrained_internal_endpoints (0)
5. checking no_input_delay (4)
6. checking no_output_delay (3)
7. checking multiple_clock (0)
8. checking generated_clocks (0)
9. checking loops (0)
10. checking partial_input_delay (0)
11. checking partial_output_delay (0)
12. checking latch_loops (0)

1. checking no_clock (0)
------------------------
 There are 0 register/latch pins with no clock.


2. checking constant_clock (0)
------------------------------
 There are 0 register/latch pins with constant_clock.


3. checking pulse_width_clock (0)
---------------------------------
 There are 0 register/latch pins which need pulse_width check


4. checking unconstrained_internal_endpoints (0)
------------------------------------------------
 There are 0 pins that are not constrained for maximum delay.

 There are 0 pins that are not constrained for maximum delay due to constant clock.


5. checking no_input_delay (4)
------------------------------
 There are 4 input ports with no input delay specified. (HIGH)

 There are 0 input ports with no input delay but user has a false path constraint.


6. checking no_output_delay (3)
-------------------------------
 There are 3 ports with no output delay specified. (HIGH)

 There are 0 ports with no output delay but user has a false path constraint

 There are 0 ports with no output delay but with a timing clock defined on it or propagating through it


7. checking multiple_clock (0)
------------------------------
 There are 0 register/latch pins with multiple clocks.


8. checking generated_clocks (0)
--------------------------------
 There are 0 generated clocks that are not connected to a clock source.


9. checking loops (0)
---------------------
 There are 0 combinational loops in the design.


10. checking partial_input_delay (0)
------------------------------------
 There are 0 input ports with partial input delay specified.


11. checking partial_output_delay (0)
-------------------------------------
 There are 0 ports with partial output delay specified.


12. checking latch_loops (0)
----------------------------
 There are 0 combinational latch loops in the design through latch input



------------------------------------------------------------------------------------------------
| Design Timing Summary
| ---------------------
------------------------------------------------------------------------------------------------

    WNS(ns)      TNS(ns)  TNS Failing Endpoints  TNS Total Endpoints      WHS(ns)      THS(ns)  THS Failing Endpoints  THS Total Endpoints     WPWS(ns)     TPWS(ns)  TPWS Failing Endpoints  TPWS Total Endpoints  
    -------      -------  ---------------------  -------------------      -------      -------  ---------------------  -------------------     --------     --------  ----------------------  --------------------  
      3.826        0.000                      0                   53        0.261        0.000                      0                   53        3.500        0.000                       0                    28  


All user specified timing constraints are met.


------------------------------------------------------------------------------------------------
| Clock Summary
| -------------
------------------------------------------------------------------------------------------------

Clock        Waveform(ns)         Period(ns)      Frequency(MHz)
-----        ------------         ----------      --------------
sys_clk_pin  {0.000 4.000}        8.000           125.000         


------------------------------------------------------------------------------------------------
| Intra Clock Table
| -----------------
------------------------------------------------------------------------------------------------

Clock             WNS(ns)      TNS(ns)  TNS Failing Endpoints  TNS Total Endpoints      WHS(ns)      THS(ns)  THS Failing Endpoints  THS Total Endpoints     WPWS(ns)     TPWS(ns)  TPWS Failing Endpoints  TPWS Total Endpoints  
-----             -------      -------  ---------------------  -------------------      -------      -------  ---------------------  -------------------     --------     --------  ----------------------  --------------------  
sys_clk_pin         3.826        0.000                      0                   53        0.261        0.000                      0                   53        3.500        0.000                       0                    28  


------------------------------------------------------------------------------------------------
| Inter Clock Table
| -----------------
------------------------------------------------------------------------------------------------

From Clock    To Clock          WNS(ns)      TNS(ns)  TNS Failing Endpoints  TNS Total Endpoints      WHS(ns)      THS(ns)  THS Failing Endpoints  THS Total Endpoints  
----------    --------          -------      -------  ---------------------  -------------------      -------      -------  ---------------------  -------------------  


------------------------------------------------------------------------------------------------
| Other Path Groups Table
| -----------------------
------------------------------------------------------------------------------------------------

Path Group    From Clock    To Clock          WNS(ns)      TNS(ns)  TNS Failing Endpoints  TNS Total Endpoints      WHS(ns)      THS(ns)  THS Failing Endpoints  THS Total Endpoints  
----------    ----------    --------          -------      -------  ---------------------  -------------------      -------      -------  ---------------------  -------------------  


------------------------------------------------------------------------------------------------
| User Ignored Path Table
| -----------------------
------------------------------------------------------------------------------------------------

Path Group    From Clock    To Clock    
----------    ----------    --------    


------------------------------------------------------------------------------------------------
| Unconstrained Path Table
| ------------------------
------------------------------------------------------------------------------------------------

Path Group    From Clock    To Clock    
----------    ----------    --------    
(none)                                    
(none)        sys_clk_pin                 
(none)                      sys_clk_pin   


------------------------------------------------------------------------------------------------
| Timing Details
| --------------
------------------------------------------------------------------------------------------------


---------------------------------------------------------------------------------------------------
From Clock:  sys_clk_pin
  To Clock:  sys_clk_pin

Setup :            0  Failing Endpoints,  Worst Slack        3.826ns,  Total Violation        0.000ns
Hold  :            0  Failing Endpoints,  Worst Slack        0.261ns,  Total Violation        0.000ns
PW    :            0  Failing Endpoints,  Worst Slack        3.500ns,  Total Violation        0.000ns
---------------------------------------------------------------------------------------------------


Max Delay Paths
--------------------------------------------------------------------------------------
Slack (MET) :             3.826ns  (required time - arrival time)
  Source:                 blinker_inst/counter_reg[13]/C
                            (rising edge-triggered cell FDRE clocked by sys_clk_pin  {rise@0.000ns fall@4.000ns period=8.000ns})
  Destination:            blinker_inst/counter_reg[4]/R
                            (rising edge-triggered cell FDRE clocked by sys_clk_pin  {rise@0.000ns fall@4.000ns period=8.000ns})
  Path Group:             sys_clk_pin
  Path Type:              Setup (Max at Slow Process Corner)
  Requirement:            8.000ns  (sys_clk_pin rise@8.000ns - sys_clk_pin rise@0.000ns)
  Data Path Delay:        3.686ns  (logic 0.828ns (22.463%)  route 2.858ns (77.537%))
  Logic Levels:           3  (LUT4=1 LUT5=1 LUT6=1)
  Clock Path Skew:        -0.024ns (DCD - SCD + CPR)
    Destination Clock Delay (DCD):    4.954ns = ( 12.954 - 8.000 ) 
    Source Clock Delay      (SCD):    5.407ns
    Clock Pessimism Removal (CPR):    0.429ns
  Clock Uncertainty:      0.035ns  ((TSJ^2 + TIJ^2)^1/2 + DJ) / 2 + PE
    Total System Jitter     (TSJ):    0.071ns
    Total Input Jitter      (TIJ):    0.000ns
    Discrete Jitter          (DJ):    0.000ns
    Phase Error              (PE):    0.000ns

    Location             Delay type                Incr(ns)  Path(ns)    Netlist Resource(s)
  -------------------------------------------------------------------    -------------------
                         (clock sys_clk_pin rise edge)
                                                      0.000     0.000 r  
    K17                                               0.000     0.000 r  sys_clk (IN)
                         net (fo=0)                   0.000     0.000    sys_clk
    K17                  IBUF (Prop_ibuf_I_O)         1.492     1.492 r  sys_clk_IBUF_inst/O
                         net (fo=1, routed)           2.076     3.568    sys_clk_IBUF
    BUFGCTRL_X0Y16       BUFG (Prop_bufg_I_O)         0.101     3.669 r  sys_clk_IBUF_BUFG_inst/O
                         net (fo=27, routed)          1.738     5.407    blinker_inst/sys_clk
    SLICE_X43Y59         FDRE                                         r  blinker_inst/counter_reg[13]/C
  -------------------------------------------------------------------    -------------------
    SLICE_X43Y59         FDRE (Prop_fdre_C_Q)         0.456     5.863 r  blinker_inst/counter_reg[13]/Q
                         net (fo=2, routed)           0.871     6.733    blinker_inst/counter_reg[13]
    SLICE_X42Y58         LUT4 (Prop_lut4_I2_O)        0.124     6.857 f  blinker_inst/counter[0]_i_8/O
                         net (fo=1, routed)           0.795     7.652    blinker_inst/counter[0]_i_8_n_0
    SLICE_X42Y59         LUT6 (Prop_lut6_I3_O)        0.124     7.776 r  blinker_inst/counter[0]_i_3/O
                         net (fo=2, routed)           0.457     8.233    blinker_inst/led_out_reg
    SLICE_X42Y61         LUT5 (Prop_lut5_I4_O)        0.124     8.357 r  blinker_inst/counter[0]_i_1/O
                         net (fo=26, routed)          0.735     9.093    blinker_inst/counter[0]_i_1_n_0
    SLICE_X43Y57         FDRE                                         r  blinker_inst/counter_reg[4]/R
  -------------------------------------------------------------------    -------------------

                         (clock sys_clk_pin rise edge)
                                                      8.000     8.000 r  
    K17                                               0.000     8.000 r  sys_clk (IN)
                         net (fo=0)                   0.000     8.000    sys_clk
    K17                  IBUF (Prop_ibuf_I_O)         1.421     9.421 r  sys_clk_IBUF_inst/O
                         net (fo=1, routed)           1.880    11.301    sys_clk_IBUF
    BUFGCTRL_X0Y16       BUFG (Prop_bufg_I_O)         0.091    11.392 r  sys_clk_IBUF_BUFG_inst/O
                         net (fo=27, routed)          1.562    12.954    blinker_inst/sys_clk
    SLICE_X43Y57         FDRE                                         r  blinker_inst/counter_reg[4]/C
                         clock pessimism              0.429    13.383    
                         clock uncertainty           -0.035    13.347    
    SLICE_X43Y57         FDRE (Setup_fdre_C_R)       -0.429    12.918    blinker_inst/counter_reg[4]
  -------------------------------------------------------------------
                         required time                         12.918    
                         arrival time                          -9.093    
  -------------------------------------------------------------------
                         slack                                  3.826    

Slack (MET) :             3.826ns  (required time - arrival time)
  Source:                 blinker_inst/counter_reg[13]/C
                            (rising edge-triggered cell FDRE clocked by sys_clk_pin  {rise@0.000ns fall@4.000ns period=8.000ns})
  Destination:            blinker_inst/counter_reg[5]/R
                            (rising edge-triggered cell FDRE clocked by sys_clk_pin  {rise@0.000ns fall@4.000ns period=8.000ns})
  Path Group:             sys_clk_pin
  Path Type:              Setup (Max at Slow Process Corner)
  Requirement:            8.000ns  (sys_clk_pin rise@8.000ns - sys_clk_pin rise@0.000ns)
  Data Path Delay:        3.686ns  (logic 0.828ns (22.463%)  route 2.858ns (77.537%))
  Logic Levels:           3  (LUT4=1 LUT5=1 LUT6=1)
  Clock Path Skew:        -0.024ns (DCD - SCD + CPR)
    Destination Clock Delay (DCD):    4.954ns = ( 12.954 - 8.000 ) 
    Source Clock Delay      (SCD):    5.407ns
    Clock Pessimism Removal (CPR):    0.429ns
  Clock Uncertainty:      0.035ns  ((TSJ^2 + TIJ^2)^1/2 + DJ) / 2 + PE
    Total System Jitter     (TSJ):    0.071ns
    Total Input Jitter      (TIJ):    0.000ns
    Discrete Jitter          (DJ):    0.000ns
    Phase Error              (PE):    0.000ns

    Location             Delay type                Incr(ns)  Path(ns)    Netlist Resource(s)
  -------------------------------------------------------------------    -------------------
                         (clock sys_clk_pin rise edge)
                                                      0.000     0.000 r  
    K17                                               0.000     0.000 r  sys_clk (IN)
                         net (fo=0)                   0.000     0.000    sys_clk
    K17                  IBUF (Prop_ibuf_I_O)         1.492     1.492 r  sys_clk_IBUF_inst/O
                         net (fo=1, routed)           2.076     3.568    sys_clk_IBUF
    BUFGCTRL_X0Y16       BUFG (Prop_bufg_I_O)         0.101     3.669 r  sys_clk_IBUF_BUFG_inst/O
                         net (fo=27, routed)          1.738     5.407    blinker_inst/sys_clk
    SLICE_X43Y59         FDRE                                         r  blinker_inst/counter_reg[13]/C
  -------------------------------------------------------------------    -------------------
    SLICE_X43Y59         FDRE (Prop_fdre_C_Q)         0.456     5.863 r  blinker_inst/counter_reg[13]/Q
                         net (fo=2, routed)           0.871     6.733    blinker_inst/counter_reg[13]
    SLICE_X42Y58         LUT4 (Prop_lut4_I2_O)        0.124     6.857 f  blinker_inst/counter[0]_i_8/O
                         net (fo=1, routed)           0.795     7.652    blinker_inst/counter[0]_i_8_n_0
    SLICE_X42Y59         LUT6 (Prop_lut6_I3_O)        0.124     7.776 r  blinker_inst/counter[0]_i_3/O
                         net (fo=2, routed)           0.457     8.233    blinker_inst/led_out_reg
    SLICE_X42Y61         LUT5 (Prop_lut5_I4_O)        0.124     8.357 r  blinker_inst/counter[0]_i_1/O
                         net (fo=26, routed)          0.735     9.093    blinker_inst/counter[0]_i_1_n_0
    SLICE_X43Y57         FDRE                                         r  blinker_inst/counter_reg[5]/R
  -------------------------------------------------------------------    -------------------

                         (clock sys_clk_pin rise edge)
                                                      8.000     8.000 r  
    K17                                               0.000     8.000 r  sys_clk (IN)
                         net (fo=0)                   0.000     8.000    sys_clk
    K17                  IBUF (Prop_ibuf_I_O)         1.421     9.421 r  sys_clk_IBUF_inst/O
                         net (fo=1, routed)           1.880    11.301    sys_clk_IBUF
    BUFGCTRL_X0Y16       BUFG (Prop_bufg_I_O)         0.091    11.392 r  sys_clk_IBUF_BUFG_inst/O
                         net (fo=27, routed)          1.562    12.954    blinker_inst/sys_clk
    SLICE_X43Y57         FDRE                                         r  blinker_inst/counter_reg[5]/C
                         clock pessimism              0.429    13.383    
                         clock uncertainty           -0.035    13.347    
    SLICE_X43Y57         FDRE (Setup_fdre_C_R)       -0.429    12.918    blinker_inst/counter_reg[5]
  -------------------------------------------------------------------
                         required time                         12.918    
                         arrival time                          -9.093    
  -------------------------------------------------------------------
                         slack                                  3.826    

Slack (MET) :             3.826ns  (required time - arrival time)
  Source:                 blinker_inst/counter_reg[13]/C
                            (rising edge-triggered cell FDRE clocked by sys_clk_pin  {rise@0.000ns fall@4.000ns period=8.000ns})
  Destination:            blinker_inst/counter_reg[6]/R
                            (rising edge-triggered cell FDRE clocked by sys_clk_pin  {rise@0.000ns fall@4.000ns period=8.000ns})
  Path Group:             sys_clk_pin
  Path Type:              Setup (Max at Slow Process Corner)
  Requirement:            8.000ns  (sys_clk_pin rise@8.000ns - sys_clk_pin rise@0.000ns)
  Data Path Delay:        3.686ns  (logic 0.828ns (22.463%)  route 2.858ns (77.537%))
  Logic Levels:           3  (LUT4=1 LUT5=1 LUT6=1)
  Clock Path Skew:        -0.024ns (DCD - SCD + CPR)
    Destination Clock Delay (DCD):    4.954ns = ( 12.954 - 8.000 ) 
    Source Clock Delay      (SCD):    5.407ns
    Clock Pessimism Removal (CPR):    0.429ns
  Clock Uncertainty:      0.035ns  ((TSJ^2 + TIJ^2)^1/2 + DJ) / 2 + PE
    Total System Jitter     (TSJ):    0.071ns
    Total Input Jitter      (TIJ):    0.000ns
    Discrete Jitter          (DJ):    0.000ns
    Phase Error              (PE):    0.000ns

    Location             Delay type                Incr(ns)  Path(ns)    Netlist Resource(s)
  -------------------------------------------------------------------    -------------------
                         (clock sys_clk_pin rise edge)
                                                      0.000     0.000 r  
    K17                                               0.000     0.000 r  sys_clk (IN)
                         net (fo=0)                   0.000     0.000    sys_clk
    K17                  IBUF (Prop_ibuf_I_O)         1.492     1.492 r  sys_clk_IBUF_inst/O
                         net (fo=1, routed)           2.076     3.568    sys_clk_IBUF
    BUFGCTRL_X0Y16       BUFG (Prop_bufg_I_O)         0.101     3.669 r  sys_clk_IBUF_BUFG_inst/O
                         net (fo=27, routed)          1.738     5.407    blinker_inst/sys_clk
    SLICE_X43Y59         FDRE                                         r  blinker_inst/counter_reg[13]/C
  -------------------------------------------------------------------    -------------------
    SLICE_X43Y59         FDRE (Prop_fdre_C_Q)         0.456     5.863 r  blinker_inst/counter_reg[13]/Q
                         net (fo=2, routed)           0.871     6.733    blinker_inst/counter_reg[13]
    SLICE_X42Y58         LUT4 (Prop_lut4_I2_O)        0.124     6.857 f  blinker_inst/counter[0]_i_8/O
                         net (fo=1, routed)           0.795     7.652    blinker_inst/counter[0]_i_8_n_0
    SLICE_X42Y59         LUT6 (Prop_lut6_I3_O)        0.124     7.776 r  blinker_inst/counter[0]_i_3/O
                         net (fo=2, routed)           0.457     8.233    blinker_inst/led_out_reg
    SLICE_X42Y61         LUT5 (Prop_lut5_I4_O)        0.124     8.357 r  blinker_inst/counter[0]_i_1/O
                         net (fo=26, routed)          0.735     9.093    blinker_inst/counter[0]_i_1_n_0
    SLICE_X43Y57         FDRE                                         r  blinker_inst/counter_reg[6]/R
  -------------------------------------------------------------------    -------------------

                         (clock sys_clk_pin rise edge)
                                                      8.000     8.000 r  
    K17                                               0.000     8.000 r  sys_clk (IN)
                         net (fo=0)                   0.000     8.000    sys_clk
    K17                  IBUF (Prop_ibuf_I_O)         1.421     9.421 r  sys_clk_IBUF_inst/O
                         net (fo=1, routed)           1.880    11.301    sys_clk_IBUF
    BUFGCTRL_X0Y16       BUFG (Prop_bufg_I_O)         0.091    11.392 r  sys_clk_IBUF_BUFG_inst/O
                         net (fo=27, routed)          1.562    12.954    blinker_inst/sys_clk
    SLICE_X43Y57         FDRE                                         r  blinker_inst/counter_reg[6]/C
                         clock pessimism              0.429    13.383    
                         clock uncertainty           -0.035    13.347    
    SLICE_X43Y57         FDRE (Setup_fdre_C_R)       -0.429    12.918    blinker_inst/counter_reg[6]
  -------------------------------------------------------------------
                         required time                         12.918    
                         arrival time                          -9.093    
  -------------------------------------------------------------------
                         slack                                  3.826    

Slack (MET) :             3.826ns  (required time - arrival time)
  Source:                 blinker_inst/counter_reg[13]/C
                            (rising edge-triggered cell FDRE clocked by sys_clk_pin  {rise@0.000ns fall@4.000ns period=8.000ns})
  Destination:            blinker_inst/counter_reg[7]/R
                            (rising edge-triggered cell FDRE clocked by sys_clk_pin  {rise@0.000ns fall@4.000ns period=8.000ns})
  Path Group:             sys_clk_pin
  Path Type:              Setup (Max at Slow Process Corner)
  Requirement:            8.000ns  (sys_clk_pin rise@8.000ns - sys_clk_pin rise@0.000ns)
  Data Path Delay:        3.686ns  (logic 0.828ns (22.463%)  route 2.858ns (77.537%))
  Logic Levels:           3  (LUT4=1 LUT5=1 LUT6=1)
  Clock Path Skew:        -0.024ns (DCD - SCD + CPR)
    Destination Clock Delay (DCD):    4.954ns = ( 12.954 - 8.000 ) 
    Source Clock Delay      (SCD):    5.407ns
    Clock Pessimism Removal (CPR):    0.429ns
  Clock Uncertainty:      0.035ns  ((TSJ^2 + TIJ^2)^1/2 + DJ) / 2 + PE
    Total System Jitter     (TSJ):    0.071ns
    Total Input Jitter      (TIJ):    0.000ns
    Discrete Jitter          (DJ):    0.000ns
    Phase Error              (PE):    0.000ns

    Location             Delay type                Incr(ns)  Path(ns)    Netlist Resource(s)
  -------------------------------------------------------------------    -------------------
                         (clock sys_clk_pin rise edge)
                                                      0.000     0.000 r  
    K17                                               0.000     0.000 r  sys_clk (IN)
                         net (fo=0)                   0.000     0.000    sys_clk
    K17                  IBUF (Prop_ibuf_I_O)         1.492     1.492 r  sys_clk_IBUF_inst/O
                         net (fo=1, routed)           2.076     3.568    sys_clk_IBUF
    BUFGCTRL_X0Y16       BUFG (Prop_bufg_I_O)         0.101     3.669 r  sys_clk_IBUF_BUFG_inst/O
                         net (fo=27, routed)          1.738     5.407    blinker_inst/sys_clk
    SLICE_X43Y59         FDRE                                         r  blinker_inst/counter_reg[13]/C
  -------------------------------------------------------------------    -------------------
    SLICE_X43Y59         FDRE (Prop_fdre_C_Q)         0.456     5.863 r  blinker_inst/counter_reg[13]/Q
                         net (fo=2, routed)           0.871     6.733    blinker_inst/counter_reg[13]
    SLICE_X42Y58         LUT4 (Prop_lut4_I2_O)        0.124     6.857 f  blinker_inst/counter[0]_i_8/O
                         net (fo=1, routed)           0.795     7.652    blinker_inst/counter[0]_i_8_n_0
    SLICE_X42Y59         LUT6 (Prop_lut6_I3_O)        0.124     7.776 r  blinker_inst/counter[0]_i_3/O
                         net (fo=2, routed)           0.457     8.233    blinker_inst/led_out_reg
    SLICE_X42Y61         LUT5 (Prop_lut5_I4_O)        0.124     8.357 r  blinker_inst/counter[0]_i_1/O
                         net (fo=26, routed)          0.735     9.093    blinker_inst/counter[0]_i_1_n_0
    SLICE_X43Y57         FDRE                                         r  blinker_inst/counter_reg[7]/R
  -------------------------------------------------------------------    -------------------

                         (clock sys_clk_pin rise edge)
                                                      8.000     8.000 r  
    K17                                               0.000     8.000 r  sys_clk (IN)
                         net (fo=0)                   0.000     8.000    sys_clk
    K17                  IBUF (Prop_ibuf_I_O)         1.421     9.421 r  sys_clk_IBUF_inst/O
                         net (fo=1, routed)           1.880    11.301    sys_clk_IBUF
    BUFGCTRL_X0Y16       BUFG (Prop_bufg_I_O)         0.091    11.392 r  sys_clk_IBUF_BUFG_inst/O
                         net (fo=27, routed)          1.562    12.954    blinker_inst/sys_clk
    SLICE_X43Y57         FDRE                                         r  blinker_inst/counter_reg[7]/C
                         clock pessimism              0.429    13.383    
                         clock uncertainty           -0.035    13.347    
    SLICE_X43Y57         FDRE (Setup_fdre_C_R)       -0.429    12.918    blinker_inst/counter_reg[7]
  -------------------------------------------------------------------
                         required time                         12.918    
                         arrival time                          -9.093    
  -------------------------------------------------------------------
                         slack                                  3.826    

Slack (MET) :             3.875ns  (required time - arrival time)
  Source:                 blinker_inst/counter_reg[13]/C
                            (rising edge-triggered cell FDRE clocked by sys_clk_pin  {rise@0.000ns fall@4.000ns period=8.000ns})
  Destination:            blinker_inst/counter_reg[10]/R
                            (rising edge-triggered cell FDRE clocked by sys_clk_pin  {rise@0.000ns fall@4.000ns period=8.000ns})
  Path Group:             sys_clk_pin
  Path Type:              Setup (Max at Slow Process Corner)
  Requirement:            8.000ns  (sys_clk_pin rise@8.000ns - sys_clk_pin rise@0.000ns)
  Data Path Delay:        3.637ns  (logic 0.828ns (22.766%)  route 2.809ns (77.234%))
  Logic Levels:           3  (LUT4=1 LUT5=1 LUT6=1)
  Clock Path Skew:        -0.024ns (DCD - SCD + CPR)
    Destination Clock Delay (DCD):    4.954ns = ( 12.954 - 8.000 ) 
    Source Clock Delay      (SCD):    5.407ns
    Clock Pessimism Removal (CPR):    0.429ns
  Clock Uncertainty:      0.035ns  ((TSJ^2 + TIJ^2)^1/2 + DJ) / 2 + PE
    Total System Jitter     (TSJ):    0.071ns
    Total Input Jitter      (TIJ):    0.000ns
    Discrete Jitter          (DJ):    0.000ns
    Phase Error              (PE):    0.000ns

    Location             Delay type                Incr(ns)  Path(ns)    Netlist Resource(s)
  -------------------------------------------------------------------    -------------------
                         (clock sys_clk_pin rise edge)
                                                      0.000     0.000 r  
    K17                                               0.000     0.000 r  sys_clk (IN)
                         net (fo=0)                   0.000     0.000    sys_clk
    K17                  IBUF (Prop_ibuf_I_O)         1.492     1.492 r  sys_clk_IBUF_inst/O
                         net (fo=1, routed)           2.076     3.568    sys_clk_IBUF
    BUFGCTRL_X0Y16       BUFG (Prop_bufg_I_O)         0.101     3.669 r  sys_clk_IBUF_BUFG_inst/O
                         net (fo=27, routed)          1.738     5.407    blinker_inst/sys_clk
    SLICE_X43Y59         FDRE                                         r  blinker_inst/counter_reg[13]/C
  -------------------------------------------------------------------    -------------------
    SLICE_X43Y59         FDRE (Prop_fdre_C_Q)         0.456     5.863 r  blinker_inst/counter_reg[13]/Q
                         net (fo=2, routed)           0.871     6.733    blinker_inst/counter_reg[13]
    SLICE_X42Y58         LUT4 (Prop_lut4_I2_O)        0.124     6.857 f  blinker_inst/counter[0]_i_8/O
                         net (fo=1, routed)           0.795     7.652    blinker_inst/counter[0]_i_8_n_0
    SLICE_X42Y59         LUT6 (Prop_lut6_I3_O)        0.124     7.776 r  blinker_inst/counter[0]_i_3/O
                         net (fo=2, routed)           0.457     8.233    blinker_inst/led_out_reg
    SLICE_X42Y61         LUT5 (Prop_lut5_I4_O)        0.124     8.357 r  blinker_inst/counter[0]_i_1/O
                         net (fo=26, routed)          0.686     9.044    blinker_inst/counter[0]_i_1_n_0
    SLICE_X43Y58         FDRE                                         r  blinker_inst/counter_reg[10]/R
  -------------------------------------------------------------------    -------------------

                         (clock sys_clk_pin rise edge)
                                                      8.000     8.000 r  
    K17                                               0.000     8.000 r  sys_clk (IN)
                         net (fo=0)                   0.000     8.000    sys_clk
    K17                  IBUF (Prop_ibuf_I_O)         1.421     9.421 r  sys_clk_IBUF_inst/O
                         net (fo=1, routed)           1.880    11.301    sys_clk_IBUF
    BUFGCTRL_X0Y16       BUFG (Prop_bufg_I_O)         0.091    11.392 r  sys_clk_IBUF_BUFG_inst/O
                         net (fo=27, routed)          1.562    12.954    blinker_inst/sys_clk
    SLICE_X43Y58         FDRE                                         r  blinker_inst/counter_reg[10]/C
                         clock pessimism              0.429    13.383    
                         clock uncertainty           -0.035    13.347    
    SLICE_X43Y58         FDRE (Setup_fdre_C_R)       -0.429    12.918    blinker_inst/counter_reg[10]
  -------------------------------------------------------------------
                         required time                         12.918    
                         arrival time                          -9.044    
  -------------------------------------------------------------------
                         slack                                  3.875    

Slack (MET) :             3.875ns  (required time - arrival time)
  Source:                 blinker_inst/counter_reg[13]/C
                            (rising edge-triggered cell FDRE clocked by sys_clk_pin  {rise@0.000ns fall@4.000ns period=8.000ns})
  Destination:            blinker_inst/counter_reg[11]/R
                            (rising edge-triggered cell FDRE clocked by sys_clk_pin  {rise@0.000ns fall@4.000ns period=8.000ns})
  Path Group:             sys_clk_pin
  Path Type:              Setup (Max at Slow Process Corner)
  Requirement:            8.000ns  (sys_clk_pin rise@8.000ns - sys_clk_pin rise@0.000ns)
  Data Path Delay:        3.637ns  (logic 0.828ns (22.766%)  route 2.809ns (77.234%))
  Logic Levels:           3  (LUT4=1 LUT5=1 LUT6=1)
  Clock Path Skew:        -0.024ns (DCD - SCD + CPR)
    Destination Clock Delay (DCD):    4.954ns = ( 12.954 - 8.000 ) 
    Source Clock Delay      (SCD):    5.407ns
    Clock Pessimism Removal (CPR):    0.429ns
  Clock Uncertainty:      0.035ns  ((TSJ^2 + TIJ^2)^1/2 + DJ) / 2 + PE
    Total System Jitter     (TSJ):    0.071ns
    Total Input Jitter      (TIJ):    0.000ns
    Discrete Jitter          (DJ):    0.000ns
    Phase Error              (PE):    0.000ns

    Location             Delay type                Incr(ns)  Path(ns)    Netlist Resource(s)
  -------------------------------------------------------------------    -------------------
                         (clock sys_clk_pin rise edge)
                                                      0.000     0.000 r  
    K17                                               0.000     0.000 r  sys_clk (IN)
                         net (fo=0)                   0.000     0.000    sys_clk
    K17                  IBUF (Prop_ibuf_I_O)         1.492     1.492 r  sys_clk_IBUF_inst/O
                         net (fo=1, routed)           2.076     3.568    sys_clk_IBUF
    BUFGCTRL_X0Y16       BUFG (Prop_bufg_I_O)         0.101     3.669 r  sys_clk_IBUF_BUFG_inst/O
                         net (fo=27, routed)          1.738     5.407    blinker_inst/sys_clk
    SLICE_X43Y59         FDRE                                         r  blinker_inst/counter_reg[13]/C
  -------------------------------------------------------------------    -------------------
    SLICE_X43Y59         FDRE (Prop_fdre_C_Q)         0.456     5.863 r  blinker_inst/counter_reg[13]/Q
                         net (fo=2, routed)           0.871     6.733    blinker_inst/counter_reg[13]
    SLICE_X42Y58         LUT4 (Prop_lut4_I2_O)        0.124     6.857 f  blinker_inst/counter[0]_i_8/O
                         net (fo=1, routed)           0.795     7.652    blinker_inst/counter[0]_i_8_n_0
    SLICE_X42Y59         LUT6 (Prop_lut6_I3_O)        0.124     7.776 r  blinker_inst/counter[0]_i_3/O
                         net (fo=2, routed)           0.457     8.233    blinker_inst/led_out_reg
    SLICE_X42Y61         LUT5 (Prop_lut5_I4_O)        0.124     8.357 r  blinker_inst/counter[0]_i_1/O
                         net (fo=26, routed)          0.686     9.044    blinker_inst/counter[0]_i_1_n_0
    SLICE_X43Y58         FDRE                                         r  blinker_inst/counter_reg[11]/R
  -------------------------------------------------------------------    -------------------

                         (clock sys_clk_pin rise edge)
                                                      8.000     8.000 r  
    K17                                               0.000     8.000 r  sys_clk (IN)
                         net (fo=0)                   0.000     8.000    sys_clk
    K17                  IBUF (Prop_ibuf_I_O)         1.421     9.421 r  sys_clk_IBUF_inst/O
                         net (fo=1, routed)           1.880    11.301    sys_clk_IBUF
    BUFGCTRL_X0Y16       BUFG (Prop_bufg_I_O)         0.091    11.392 r  sys_clk_IBUF_BUFG_inst/O
                         net (fo=27, routed)          1.562    12.954    blinker_inst/sys_clk
    SLICE_X43Y58         FDRE                                         r  blinker_inst/counter_reg[11]/C
                         clock pessimism              0.429    13.383    
                         clock uncertainty           -0.035    13.347    
    SLICE_X43Y58         FDRE (Setup_fdre_C_R)       -0.429    12.918    blinker_inst/counter_reg[11]
  -------------------------------------------------------------------
                         required time                         12.918    
                         arrival time                          -9.044    
  -------------------------------------------------------------------
                         slack                                  3.875    

Slack (MET) :             3.875ns  (required time - arrival time)
  Source:                 blinker_inst/counter_reg[13]/C
                            (rising edge-triggered cell FDRE clocked by sys_clk_pin  {rise@0.000ns fall@4.000ns period=8.000ns})
  Destination:            blinker_inst/counter_reg[8]/R
                            (rising edge-triggered cell FDRE clocked by sys_clk_pin  {rise@0.000ns fall@4.000ns period=8.000ns})
  Path Group:             sys_clk_pin
  Path Type:              Setup (Max at Slow Process Corner)
  Requirement:            8.000ns  (sys_clk_pin rise@8.000ns - sys_clk_pin rise@0.000ns)
  Data Path Delay:        3.637ns  (logic 0.828ns (22.766%)  route 2.809ns (77.234%))
  Logic Levels:           3  (LUT4=1 LUT5=1 LUT6=1)
  Clock Path Skew:        -0.024ns (DCD - SCD + CPR)
    Destination Clock Delay (DCD):    4.954ns = ( 12.954 - 8.000 ) 
    Source Clock Delay      (SCD):    5.407ns
    Clock Pessimism Removal (CPR):    0.429ns
  Clock Uncertainty:      0.035ns  ((TSJ^2 + TIJ^2)^1/2 + DJ) / 2 + PE
    Total System Jitter     (TSJ):    0.071ns
    Total Input Jitter      (TIJ):    0.000ns
    Discrete Jitter          (DJ):    0.000ns
    Phase Error              (PE):    0.000ns

    Location             Delay type                Incr(ns)  Path(ns)    Netlist Resource(s)
  -------------------------------------------------------------------    -------------------
                         (clock sys_clk_pin rise edge)
                                                      0.000     0.000 r  
    K17                                               0.000     0.000 r  sys_clk (IN)
                         net (fo=0)                   0.000     0.000    sys_clk
    K17                  IBUF (Prop_ibuf_I_O)         1.492     1.492 r  sys_clk_IBUF_inst/O
                         net (fo=1, routed)           2.076     3.568    sys_clk_IBUF
    BUFGCTRL_X0Y16       BUFG (Prop_bufg_I_O)         0.101     3.669 r  sys_clk_IBUF_BUFG_inst/O
                         net (fo=27, routed)          1.738     5.407    blinker_inst/sys_clk
    SLICE_X43Y59         FDRE                                         r  blinker_inst/counter_reg[13]/C
  -------------------------------------------------------------------    -------------------
    SLICE_X43Y59         FDRE (Prop_fdre_C_Q)         0.456     5.863 r  blinker_inst/counter_reg[13]/Q
                         net (fo=2, routed)           0.871     6.733    blinker_inst/counter_reg[13]
    SLICE_X42Y58         LUT4 (Prop_lut4_I2_O)        0.124     6.857 f  blinker_inst/counter[0]_i_8/O
                         net (fo=1, routed)           0.795     7.652    blinker_inst/counter[0]_i_8_n_0
    SLICE_X42Y59         LUT6 (Prop_lut6_I3_O)        0.124     7.776 r  blinker_inst/counter[0]_i_3/O
                         net (fo=2, routed)           0.457     8.233    blinker_inst/led_out_reg
    SLICE_X42Y61         LUT5 (Prop_lut5_I4_O)        0.124     8.357 r  blinker_inst/counter[0]_i_1/O
                         net (fo=26, routed)          0.686     9.044    blinker_inst/counter[0]_i_1_n_0
    SLICE_X43Y58         FDRE                                         r  blinker_inst/counter_reg[8]/R
  -------------------------------------------------------------------    -------------------

                         (clock sys_clk_pin rise edge)
                                                      8.000     8.000 r  
    K17                                               0.000     8.000 r  sys_clk (IN)
                         net (fo=0)                   0.000     8.000    sys_clk
    K17                  IBUF (Prop_ibuf_I_O)         1.421     9.421 r  sys_clk_IBUF_inst/O
                         net (fo=1, routed)           1.880    11.301    sys_clk_IBUF
    BUFGCTRL_X0Y16       BUFG (Prop_bufg_I_O)         0.091    11.392 r  sys_clk_IBUF_BUFG_inst/O
                         net (fo=27, routed)          1.562    12.954    blinker_inst/sys_clk
    SLICE_X43Y58         FDRE                                         r  blinker_inst/counter_reg[8]/C
                         clock pessimism              0.429    13.383    
                         clock uncertainty           -0.035    13.347    
    SLICE_X43Y58         FDRE (Setup_fdre_C_R)       -0.429    12.918    blinker_inst/counter_reg[8]
  -------------------------------------------------------------------
                         required time                         12.918    
                         arrival time                          -9.044    
  -------------------------------------------------------------------
                         slack                                  3.875    

Slack (MET) :             3.875ns  (required time - arrival time)
  Source:                 blinker_inst/counter_reg[13]/C
                            (rising edge-triggered cell FDRE clocked by sys_clk_pin  {rise@0.000ns fall@4.000ns period=8.000ns})
  Destination:            blinker_inst/counter_reg[9]/R
                            (rising edge-triggered cell FDRE clocked by sys_clk_pin  {rise@0.000ns fall@4.000ns period=8.000ns})
  Path Group:             sys_clk_pin
  Path Type:              Setup (Max at Slow Process Corner)
  Requirement:            8.000ns  (sys_clk_pin rise@8.000ns - sys_clk_pin rise@0.000ns)
  Data Path Delay:        3.637ns  (logic 0.828ns (22.766%)  route 2.809ns (77.234%))
  Logic Levels:           3  (LUT4=1 LUT5=1 LUT6=1)
  Clock Path Skew:        -0.024ns (DCD - SCD + CPR)
    Destination Clock Delay (DCD):    4.954ns = ( 12.954 - 8.000 ) 
    Source Clock Delay      (SCD):    5.407ns
    Clock Pessimism Removal (CPR):    0.429ns
  Clock Uncertainty:      0.035ns  ((TSJ^2 + TIJ^2)^1/2 + DJ) / 2 + PE
    Total System Jitter     (TSJ):    0.071ns
    Total Input Jitter      (TIJ):    0.000ns
    Discrete Jitter          (DJ):    0.000ns
    Phase Error              (PE):    0.000ns

    Location             Delay type                Incr(ns)  Path(ns)    Netlist Resource(s)
  -------------------------------------------------------------------    -------------------
                         (clock sys_clk_pin rise edge)
                                                      0.000     0.000 r  
    K17                                               0.000     0.000 r  sys_clk (IN)
                         net (fo=0)                   0.000     0.000    sys_clk
    K17                  IBUF (Prop_ibuf_I_O)         1.492     1.492 r  sys_clk_IBUF_inst/O
                         net (fo=1, routed)           2.076     3.568    sys_clk_IBUF
    BUFGCTRL_X0Y16       BUFG (Prop_bufg_I_O)         0.101     3.669 r  sys_clk_IBUF_BUFG_inst/O
                         net (fo=27, routed)          1.738     5.407    blinker_inst/sys_clk
    SLICE_X43Y59         FDRE                                         r  blinker_inst/counter_reg[13]/C
  -------------------------------------------------------------------    -------------------
    SLICE_X43Y59         FDRE (Prop_fdre_C_Q)         0.456     5.863 r  blinker_inst/counter_reg[13]/Q
                         net (fo=2, routed)           0.871     6.733    blinker_inst/counter_reg[13]
    SLICE_X42Y58         LUT4 (Prop_lut4_I2_O)        0.124     6.857 f  blinker_inst/counter[0]_i_8/O
                         net (fo=1, routed)           0.795     7.652    blinker_inst/counter[0]_i_8_n_0
    SLICE_X42Y59         LUT6 (Prop_lut6_I3_O)        0.124     7.776 r  blinker_inst/counter[0]_i_3/O
                         net (fo=2, routed)           0.457     8.233    blinker_inst/led_out_reg
    SLICE_X42Y61         LUT5 (Prop_lut5_I4_O)        0.124     8.357 r  blinker_inst/counter[0]_i_1/O
                         net (fo=26, routed)          0.686     9.044    blinker_inst/counter[0]_i_1_n_0
    SLICE_X43Y58         FDRE                                         r  blinker_inst/counter_reg[9]/R
  -------------------------------------------------------------------    -------------------

                         (clock sys_clk_pin rise edge)
                                                      8.000     8.000 r  
    K17                                               0.000     8.000 r  sys_clk (IN)
                         net (fo=0)                   0.000     8.000    sys_clk
    K17                  IBUF (Prop_ibuf_I_O)         1.421     9.421 r  sys_clk_IBUF_inst/O
                         net (fo=1, routed)           1.880    11.301    sys_clk_IBUF
    BUFGCTRL_X0Y16       BUFG (Prop_bufg_I_O)         0.091    11.392 r  sys_clk_IBUF_BUFG_inst/O
                         net (fo=27, routed)          1.562    12.954    blinker_inst/sys_clk
    SLICE_X43Y58         FDRE                                         r  blinker_inst/counter_reg[9]/C
                         clock pessimism              0.429    13.383    
                         clock uncertainty           -0.035    13.347    
    SLICE_X43Y58         FDRE (Setup_fdre_C_R)       -0.429    12.918    blinker_inst/counter_reg[9]
  -------------------------------------------------------------------
                         required time                         12.918    
                         arrival time                          -9.044    
  -------------------------------------------------------------------
                         slack                                  3.875    

Slack (MET) :             3.945ns  (required time - arrival time)
  Source:                 blinker_inst/counter_reg[13]/C
                            (rising edge-triggered cell FDRE clocked by sys_clk_pin  {rise@0.000ns fall@4.000ns period=8.000ns})
  Destination:            blinker_inst/counter_reg[20]/R
                            (rising edge-triggered cell FDRE clocked by sys_clk_pin  {rise@0.000ns fall@4.000ns period=8.000ns})
  Path Group:             sys_clk_pin
  Path Type:              Setup (Max at Slow Process Corner)
  Requirement:            8.000ns  (sys_clk_pin rise@8.000ns - sys_clk_pin rise@0.000ns)
  Data Path Delay:        3.565ns  (logic 0.828ns (23.226%)  route 2.737ns (76.774%))
  Logic Levels:           3  (LUT4=1 LUT5=1 LUT6=1)
  Clock Path Skew:        -0.026ns (DCD - SCD + CPR)
    Destination Clock Delay (DCD):    4.952ns = ( 12.952 - 8.000 ) 
    Source Clock Delay      (SCD):    5.407ns
    Clock Pessimism Removal (CPR):    0.429ns
  Clock Uncertainty:      0.035ns  ((TSJ^2 + TIJ^2)^1/2 + DJ) / 2 + PE
    Total System Jitter     (TSJ):    0.071ns
    Total Input Jitter      (TIJ):    0.000ns
    Discrete Jitter          (DJ):    0.000ns
    Phase Error              (PE):    0.000ns

    Location             Delay type                Incr(ns)  Path(ns)    Netlist Resource(s)
  -------------------------------------------------------------------    -------------------
                         (clock sys_clk_pin rise edge)
                                                      0.000     0.000 r  
    K17                                               0.000     0.000 r  sys_clk (IN)
                         net (fo=0)                   0.000     0.000    sys_clk
    K17                  IBUF (Prop_ibuf_I_O)         1.492     1.492 r  sys_clk_IBUF_inst/O
                         net (fo=1, routed)           2.076     3.568    sys_clk_IBUF
    BUFGCTRL_X0Y16       BUFG (Prop_bufg_I_O)         0.101     3.669 r  sys_clk_IBUF_BUFG_inst/O
                         net (fo=27, routed)          1.738     5.407    blinker_inst/sys_clk
    SLICE_X43Y59         FDRE                                         r  blinker_inst/counter_reg[13]/C
  -------------------------------------------------------------------    -------------------
    SLICE_X43Y59         FDRE (Prop_fdre_C_Q)         0.456     5.863 r  blinker_inst/counter_reg[13]/Q
                         net (fo=2, routed)           0.871     6.733    blinker_inst/counter_reg[13]
    SLICE_X42Y58         LUT4 (Prop_lut4_I2_O)        0.124     6.857 f  blinker_inst/counter[0]_i_8/O
                         net (fo=1, routed)           0.795     7.652    blinker_inst/counter[0]_i_8_n_0
    SLICE_X42Y59         LUT6 (Prop_lut6_I3_O)        0.124     7.776 r  blinker_inst/counter[0]_i_3/O
                         net (fo=2, routed)           0.457     8.233    blinker_inst/led_out_reg
    SLICE_X42Y61         LUT5 (Prop_lut5_I4_O)        0.124     8.357 r  blinker_inst/counter[0]_i_1/O
                         net (fo=26, routed)          0.614     8.972    blinker_inst/counter[0]_i_1_n_0
    SLICE_X43Y61         FDRE                                         r  blinker_inst/counter_reg[20]/R
  -------------------------------------------------------------------    -------------------

                         (clock sys_clk_pin rise edge)
                                                      8.000     8.000 r  
    K17                                               0.000     8.000 r  sys_clk (IN)
                         net (fo=0)                   0.000     8.000    sys_clk
    K17                  IBUF (Prop_ibuf_I_O)         1.421     9.421 r  sys_clk_IBUF_inst/O
                         net (fo=1, routed)           1.880    11.301    sys_clk_IBUF
    BUFGCTRL_X0Y16       BUFG (Prop_bufg_I_O)         0.091    11.392 r  sys_clk_IBUF_BUFG_inst/O
                         net (fo=27, routed)          1.560    12.952    blinker_inst/sys_clk
    SLICE_X43Y61         FDRE                                         r  blinker_inst/counter_reg[20]/C
                         clock pessimism              0.429    13.381    
                         clock uncertainty           -0.035    13.345    
    SLICE_X43Y61         FDRE (Setup_fdre_C_R)       -0.429    12.916    blinker_inst/counter_reg[20]
  -------------------------------------------------------------------
                         required time                         12.916    
                         arrival time                          -8.972    
  -------------------------------------------------------------------
                         slack                                  3.945    

Slack (MET) :             3.945ns  (required time - arrival time)
  Source:                 blinker_inst/counter_reg[13]/C
                            (rising edge-triggered cell FDRE clocked by sys_clk_pin  {rise@0.000ns fall@4.000ns period=8.000ns})
  Destination:            blinker_inst/counter_reg[21]/R
                            (rising edge-triggered cell FDRE clocked by sys_clk_pin  {rise@0.000ns fall@4.000ns period=8.000ns})
  Path Group:             sys_clk_pin
  Path Type:              Setup (Max at Slow Process Corner)
  Requirement:            8.000ns  (sys_clk_pin rise@8.000ns - sys_clk_pin rise@0.000ns)
  Data Path Delay:        3.565ns  (logic 0.828ns (23.226%)  route 2.737ns (76.774%))
  Logic Levels:           3  (LUT4=1 LUT5=1 LUT6=1)
  Clock Path Skew:        -0.026ns (DCD - SCD + CPR)
    Destination Clock Delay (DCD):    4.952ns = ( 12.952 - 8.000 ) 
    Source Clock Delay      (SCD):    5.407ns
    Clock Pessimism Removal (CPR):    0.429ns
  Clock Uncertainty:      0.035ns  ((TSJ^2 + TIJ^2)^1/2 + DJ) / 2 + PE
    Total System Jitter     (TSJ):    0.071ns
    Total Input Jitter      (TIJ):    0.000ns
    Discrete Jitter          (DJ):    0.000ns
    Phase Error              (PE):    0.000ns

    Location             Delay type                Incr(ns)  Path(ns)    Netlist Resource(s)
  -------------------------------------------------------------------    -------------------
                         (clock sys_clk_pin rise edge)
                                                      0.000     0.000 r  
    K17                                               0.000     0.000 r  sys_clk (IN)
                         net (fo=0)                   0.000     0.000    sys_clk
    K17                  IBUF (Prop_ibuf_I_O)         1.492     1.492 r  sys_clk_IBUF_inst/O
                         net (fo=1, routed)           2.076     3.568    sys_clk_IBUF
    BUFGCTRL_X0Y16       BUFG (Prop_bufg_I_O)         0.101     3.669 r  sys_clk_IBUF_BUFG_inst/O
                         net (fo=27, routed)          1.738     5.407    blinker_inst/sys_clk
    SLICE_X43Y59         FDRE                                         r  blinker_inst/counter_reg[13]/C
  -------------------------------------------------------------------    -------------------
    SLICE_X43Y59         FDRE (Prop_fdre_C_Q)         0.456     5.863 r  blinker_inst/counter_reg[13]/Q
                         net (fo=2, routed)           0.871     6.733    blinker_inst/counter_reg[13]
    SLICE_X42Y58         LUT4 (Prop_lut4_I2_O)        0.124     6.857 f  blinker_inst/counter[0]_i_8/O
                         net (fo=1, routed)           0.795     7.652    blinker_inst/counter[0]_i_8_n_0
    SLICE_X42Y59         LUT6 (Prop_lut6_I3_O)        0.124     7.776 r  blinker_inst/counter[0]_i_3/O
                         net (fo=2, routed)           0.457     8.233    blinker_inst/led_out_reg
    SLICE_X42Y61         LUT5 (Prop_lut5_I4_O)        0.124     8.357 r  blinker_inst/counter[0]_i_1/O
                         net (fo=26, routed)          0.614     8.972    blinker_inst/counter[0]_i_1_n_0
    SLICE_X43Y61         FDRE                                         r  blinker_inst/counter_reg[21]/R
  -------------------------------------------------------------------    -------------------

                         (clock sys_clk_pin rise edge)
                                                      8.000     8.000 r  
    K17                                               0.000     8.000 r  sys_clk (IN)
                         net (fo=0)                   0.000     8.000    sys_clk
    K17                  IBUF (Prop_ibuf_I_O)         1.421     9.421 r  sys_clk_IBUF_inst/O
                         net (fo=1, routed)           1.880    11.301    sys_clk_IBUF
    BUFGCTRL_X0Y16       BUFG (Prop_bufg_I_O)         0.091    11.392 r  sys_clk_IBUF_BUFG_inst/O
                         net (fo=27, routed)          1.560    12.952    blinker_inst/sys_clk
    SLICE_X43Y61         FDRE                                         r  blinker_inst/counter_reg[21]/C
                         clock pessimism              0.429    13.381    
                         clock uncertainty           -0.035    13.345    
    SLICE_X43Y61         FDRE (Setup_fdre_C_R)       -0.429    12.916    blinker_inst/counter_reg[21]
  -------------------------------------------------------------------
                         required time                         12.916    
                         arrival time                          -8.972    
  -------------------------------------------------------------------
                         slack                                  3.945    





Min Delay Paths
--------------------------------------------------------------------------------------
Slack (MET) :             0.261ns  (arrival time - required time)
  Source:                 blinker_inst/counter_reg[19]/C
                            (rising edge-triggered cell FDRE clocked by sys_clk_pin  {rise@0.000ns fall@4.000ns period=8.000ns})
  Destination:            blinker_inst/counter_reg[19]/D
                            (rising edge-triggered cell FDRE clocked by sys_clk_pin  {rise@0.000ns fall@4.000ns period=8.000ns})
  Path Group:             sys_clk_pin
  Path Type:              Hold (Min at Fast Process Corner)
  Requirement:            0.000ns  (sys_clk_pin rise@0.000ns - sys_clk_pin rise@0.000ns)
  Data Path Delay:        0.366ns  (logic 0.249ns (67.994%)  route 0.117ns (32.006%))
  Logic Levels:           1  (CARRY4=1)
  Clock Path Skew:        0.000ns (DCD - SCD - CPR)
    Destination Clock Delay (DCD):    2.015ns
    Source Clock Delay      (SCD):    1.498ns
    Clock Pessimism Removal (CPR):    0.517ns

    Location             Delay type                Incr(ns)  Path(ns)    Netlist Resource(s)
  -------------------------------------------------------------------    -------------------
                         (clock sys_clk_pin rise edge)
                                                      0.000     0.000 r  
    K17                                               0.000     0.000 r  sys_clk (IN)
                         net (fo=0)                   0.000     0.000    sys_clk
    K17                  IBUF (Prop_ibuf_I_O)         0.259     0.259 r  sys_clk_IBUF_inst/O
                         net (fo=1, routed)           0.627     0.887    sys_clk_IBUF
    BUFGCTRL_X0Y16       BUFG (Prop_bufg_I_O)         0.026     0.913 r  sys_clk_IBUF_BUFG_inst/O
                         net (fo=27, routed)          0.586     1.498    blinker_inst/sys_clk
    SLICE_X43Y60         FDRE                                         r  blinker_inst/counter_reg[19]/C
  -------------------------------------------------------------------    -------------------
    SLICE_X43Y60         FDRE (Prop_fdre_C_Q)         0.141     1.639 r  blinker_inst/counter_reg[19]/Q
                         net (fo=2, routed)           0.117     1.757    blinker_inst/counter_reg[19]
    SLICE_X43Y60         CARRY4 (Prop_carry4_S[3]_O[3])
                                                      0.108     1.865 r  blinker_inst/counter_reg[16]_i_1/O[3]
                         net (fo=1, routed)           0.000     1.865    blinker_inst/counter_reg[16]_i_1_n_4
    SLICE_X43Y60         FDRE                                         r  blinker_inst/counter_reg[19]/D
  -------------------------------------------------------------------    -------------------

                         (clock sys_clk_pin rise edge)
                                                      0.000     0.000 r  
    K17                                               0.000     0.000 r  sys_clk (IN)
                         net (fo=0)                   0.000     0.000    sys_clk
    K17                  IBUF (Prop_ibuf_I_O)         0.447     0.447 r  sys_clk_IBUF_inst/O
                         net (fo=1, routed)           0.683     1.130    sys_clk_IBUF
    BUFGCTRL_X0Y16       BUFG (Prop_bufg_I_O)         0.029     1.159 r  sys_clk_IBUF_BUFG_inst/O
                         net (fo=27, routed)          0.856     2.015    blinker_inst/sys_clk
    SLICE_X43Y60         FDRE                                         r  blinker_inst/counter_reg[19]/C
                         clock pessimism             -0.517     1.498    
    SLICE_X43Y60         FDRE (Hold_fdre_C_D)         0.105     1.603    blinker_inst/counter_reg[19]
  -------------------------------------------------------------------
                         required time                         -1.603    
                         arrival time                           1.865    
  -------------------------------------------------------------------
                         slack                                  0.261    

Slack (MET) :             0.262ns  (arrival time - required time)
  Source:                 blinker_inst/counter_reg[23]/C
                            (rising edge-triggered cell FDRE clocked by sys_clk_pin  {rise@0.000ns fall@4.000ns period=8.000ns})
  Destination:            blinker_inst/counter_reg[23]/D
                            (rising edge-triggered cell FDRE clocked by sys_clk_pin  {rise@0.000ns fall@4.000ns period=8.000ns})
  Path Group:             sys_clk_pin
  Path Type:              Hold (Min at Fast Process Corner)
  Requirement:            0.000ns  (sys_clk_pin rise@0.000ns - sys_clk_pin rise@0.000ns)
  Data Path Delay:        0.367ns  (logic 0.249ns (67.838%)  route 0.118ns (32.162%))
  Logic Levels:           1  (CARRY4=1)
  Clock Path Skew:        0.000ns (DCD - SCD - CPR)
    Destination Clock Delay (DCD):    2.015ns
    Source Clock Delay      (SCD):    1.498ns
    Clock Pessimism Removal (CPR):    0.517ns

    Location             Delay type                Incr(ns)  Path(ns)    Netlist Resource(s)
  -------------------------------------------------------------------    -------------------
                         (clock sys_clk_pin rise edge)
                                                      0.000     0.000 r  
    K17                                               0.000     0.000 r  sys_clk (IN)
                         net (fo=0)                   0.000     0.000    sys_clk
    K17                  IBUF (Prop_ibuf_I_O)         0.259     0.259 r  sys_clk_IBUF_inst/O
                         net (fo=1, routed)           0.627     0.887    sys_clk_IBUF
    BUFGCTRL_X0Y16       BUFG (Prop_bufg_I_O)         0.026     0.913 r  sys_clk_IBUF_BUFG_inst/O
                         net (fo=27, routed)          0.586     1.498    blinker_inst/sys_clk
    SLICE_X43Y61         FDRE                                         r  blinker_inst/counter_reg[23]/C
  -------------------------------------------------------------------    -------------------
    SLICE_X43Y61         FDRE (Prop_fdre_C_Q)         0.141     1.639 r  blinker_inst/counter_reg[23]/Q
                         net (fo=2, routed)           0.118     1.757    blinker_inst/counter_reg[23]
    SLICE_X43Y61         CARRY4 (Prop_carry4_S[3]_O[3])
                                                      0.108     1.865 r  blinker_inst/counter_reg[20]_i_1/O[3]
                         net (fo=1, routed)           0.000     1.865    blinker_inst/counter_reg[20]_i_1_n_4
    SLICE_X43Y61         FDRE                                         r  blinker_inst/counter_reg[23]/D
  -------------------------------------------------------------------    -------------------

                         (clock sys_clk_pin rise edge)
                                                      0.000     0.000 r  
    K17                                               0.000     0.000 r  sys_clk (IN)
                         net (fo=0)                   0.000     0.000    sys_clk
    K17                  IBUF (Prop_ibuf_I_O)         0.447     0.447 r  sys_clk_IBUF_inst/O
                         net (fo=1, routed)           0.683     1.130    sys_clk_IBUF
    BUFGCTRL_X0Y16       BUFG (Prop_bufg_I_O)         0.029     1.159 r  sys_clk_IBUF_BUFG_inst/O
                         net (fo=27, routed)          0.856     2.015    blinker_inst/sys_clk
    SLICE_X43Y61         FDRE                                         r  blinker_inst/counter_reg[23]/C
                         clock pessimism             -0.517     1.498    
    SLICE_X43Y61         FDRE (Hold_fdre_C_D)         0.105     1.603    blinker_inst/counter_reg[23]
  -------------------------------------------------------------------
                         required time                         -1.603    
                         arrival time                           1.865    
  -------------------------------------------------------------------
                         slack                                  0.262    

Slack (MET) :             0.264ns  (arrival time - required time)
  Source:                 blinker_inst/counter_reg[11]/C
                            (rising edge-triggered cell FDRE clocked by sys_clk_pin  {rise@0.000ns fall@4.000ns period=8.000ns})
  Destination:            blinker_inst/counter_reg[11]/D
                            (rising edge-triggered cell FDRE clocked by sys_clk_pin  {rise@0.000ns fall@4.000ns period=8.000ns})
  Path Group:             sys_clk_pin
  Path Type:              Hold (Min at Fast Process Corner)
  Requirement:            0.000ns  (sys_clk_pin rise@0.000ns - sys_clk_pin rise@0.000ns)
  Data Path Delay:        0.369ns  (logic 0.249ns (67.424%)  route 0.120ns (32.576%))
  Logic Levels:           1  (CARRY4=1)
  Clock Path Skew:        0.000ns (DCD - SCD - CPR)
    Destination Clock Delay (DCD):    2.016ns
    Source Clock Delay      (SCD):    1.499ns
    Clock Pessimism Removal (CPR):    0.517ns

    Location             Delay type                Incr(ns)  Path(ns)    Netlist Resource(s)
  -------------------------------------------------------------------    -------------------
                         (clock sys_clk_pin rise edge)
                                                      0.000     0.000 r  
    K17                                               0.000     0.000 r  sys_clk (IN)
                         net (fo=0)                   0.000     0.000    sys_clk
    K17                  IBUF (Prop_ibuf_I_O)         0.259     0.259 r  sys_clk_IBUF_inst/O
                         net (fo=1, routed)           0.627     0.887    sys_clk_IBUF
    BUFGCTRL_X0Y16       BUFG (Prop_bufg_I_O)         0.026     0.913 r  sys_clk_IBUF_BUFG_inst/O
                         net (fo=27, routed)          0.587     1.499    blinker_inst/sys_clk
    SLICE_X43Y58         FDRE                                         r  blinker_inst/counter_reg[11]/C
  -------------------------------------------------------------------    -------------------
    SLICE_X43Y58         FDRE (Prop_fdre_C_Q)         0.141     1.640 r  blinker_inst/counter_reg[11]/Q
                         net (fo=2, routed)           0.120     1.761    blinker_inst/counter_reg[11]
    SLICE_X43Y58         CARRY4 (Prop_carry4_S[3]_O[3])
                                                      0.108     1.869 r  blinker_inst/counter_reg[8]_i_1/O[3]
                         net (fo=1, routed)           0.000     1.869    blinker_inst/counter_reg[8]_i_1_n_4
    SLICE_X43Y58         FDRE                                         r  blinker_inst/counter_reg[11]/D
  -------------------------------------------------------------------    -------------------

                         (clock sys_clk_pin rise edge)
                                                      0.000     0.000 r  
    K17                                               0.000     0.000 r  sys_clk (IN)
                         net (fo=0)                   0.000     0.000    sys_clk
    K17                  IBUF (Prop_ibuf_I_O)         0.447     0.447 r  sys_clk_IBUF_inst/O
                         net (fo=1, routed)           0.683     1.130    sys_clk_IBUF
    BUFGCTRL_X0Y16       BUFG (Prop_bufg_I_O)         0.029     1.159 r  sys_clk_IBUF_BUFG_inst/O
                         net (fo=27, routed)          0.857     2.016    blinker_inst/sys_clk
    SLICE_X43Y58         FDRE                                         r  blinker_inst/counter_reg[11]/C
                         clock pessimism             -0.517     1.499    
    SLICE_X43Y58         FDRE (Hold_fdre_C_D)         0.105     1.604    blinker_inst/counter_reg[11]
  -------------------------------------------------------------------
                         required time                         -1.604    
                         arrival time                           1.869    
  -------------------------------------------------------------------
                         slack                                  0.264    

Slack (MET) :             0.264ns  (arrival time - required time)
  Source:                 blinker_inst/counter_reg[15]/C
                            (rising edge-triggered cell FDRE clocked by sys_clk_pin  {rise@0.000ns fall@4.000ns period=8.000ns})
  Destination:            blinker_inst/counter_reg[15]/D
                            (rising edge-triggered cell FDRE clocked by sys_clk_pin  {rise@0.000ns fall@4.000ns period=8.000ns})
  Path Group:             sys_clk_pin
  Path Type:              Hold (Min at Fast Process Corner)
  Requirement:            0.000ns  (sys_clk_pin rise@0.000ns - sys_clk_pin rise@0.000ns)
  Data Path Delay:        0.369ns  (logic 0.249ns (67.424%)  route 0.120ns (32.576%))
  Logic Levels:           1  (CARRY4=1)
  Clock Path Skew:        0.000ns (DCD - SCD - CPR)
    Destination Clock Delay (DCD):    2.016ns
    Source Clock Delay      (SCD):    1.499ns
    Clock Pessimism Removal (CPR):    0.517ns

    Location             Delay type                Incr(ns)  Path(ns)    Netlist Resource(s)
  -------------------------------------------------------------------    -------------------
                         (clock sys_clk_pin rise edge)
                                                      0.000     0.000 r  
    K17                                               0.000     0.000 r  sys_clk (IN)
                         net (fo=0)                   0.000     0.000    sys_clk
    K17                  IBUF (Prop_ibuf_I_O)         0.259     0.259 r  sys_clk_IBUF_inst/O
                         net (fo=1, routed)           0.627     0.887    sys_clk_IBUF
    BUFGCTRL_X0Y16       BUFG (Prop_bufg_I_O)         0.026     0.913 r  sys_clk_IBUF_BUFG_inst/O
                         net (fo=27, routed)          0.587     1.499    blinker_inst/sys_clk
    SLICE_X43Y59         FDRE                                         r  blinker_inst/counter_reg[15]/C
  -------------------------------------------------------------------    -------------------
    SLICE_X43Y59         FDRE (Prop_fdre_C_Q)         0.141     1.640 r  blinker_inst/counter_reg[15]/Q
                         net (fo=2, routed)           0.120     1.761    blinker_inst/counter_reg[15]
    SLICE_X43Y59         CARRY4 (Prop_carry4_S[3]_O[3])
                                                      0.108     1.869 r  blinker_inst/counter_reg[12]_i_1/O[3]
                         net (fo=1, routed)           0.000     1.869    blinker_inst/counter_reg[12]_i_1_n_4
    SLICE_X43Y59         FDRE                                         r  blinker_inst/counter_reg[15]/D
  -------------------------------------------------------------------    -------------------

                         (clock sys_clk_pin rise edge)
                                                      0.000     0.000 r  
    K17                                               0.000     0.000 r  sys_clk (IN)
                         net (fo=0)                   0.000     0.000    sys_clk
    K17                  IBUF (Prop_ibuf_I_O)         0.447     0.447 r  sys_clk_IBUF_inst/O
                         net (fo=1, routed)           0.683     1.130    sys_clk_IBUF
    BUFGCTRL_X0Y16       BUFG (Prop_bufg_I_O)         0.029     1.159 r  sys_clk_IBUF_BUFG_inst/O
                         net (fo=27, routed)          0.857     2.016    blinker_inst/sys_clk
    SLICE_X43Y59         FDRE                                         r  blinker_inst/counter_reg[15]/C
                         clock pessimism             -0.517     1.499    
    SLICE_X43Y59         FDRE (Hold_fdre_C_D)         0.105     1.604    blinker_inst/counter_reg[15]
  -------------------------------------------------------------------
                         required time                         -1.604    
                         arrival time                           1.869    
  -------------------------------------------------------------------
                         slack                                  0.264    

Slack (MET) :             0.264ns  (arrival time - required time)
  Source:                 blinker_inst/counter_reg[7]/C
                            (rising edge-triggered cell FDRE clocked by sys_clk_pin  {rise@0.000ns fall@4.000ns period=8.000ns})
  Destination:            blinker_inst/counter_reg[7]/D
                            (rising edge-triggered cell FDRE clocked by sys_clk_pin  {rise@0.000ns fall@4.000ns period=8.000ns})
  Path Group:             sys_clk_pin
  Path Type:              Hold (Min at Fast Process Corner)
  Requirement:            0.000ns  (sys_clk_pin rise@0.000ns - sys_clk_pin rise@0.000ns)
  Data Path Delay:        0.369ns  (logic 0.249ns (67.424%)  route 0.120ns (32.576%))
  Logic Levels:           1  (CARRY4=1)
  Clock Path Skew:        0.000ns (DCD - SCD - CPR)
    Destination Clock Delay (DCD):    2.016ns
    Source Clock Delay      (SCD):    1.499ns
    Clock Pessimism Removal (CPR):    0.517ns

    Location             Delay type                Incr(ns)  Path(ns)    Netlist Resource(s)
  -------------------------------------------------------------------    -------------------
                         (clock sys_clk_pin rise edge)
                                                      0.000     0.000 r  
    K17                                               0.000     0.000 r  sys_clk (IN)
                         net (fo=0)                   0.000     0.000    sys_clk
    K17                  IBUF (Prop_ibuf_I_O)         0.259     0.259 r  sys_clk_IBUF_inst/O
                         net (fo=1, routed)           0.627     0.887    sys_clk_IBUF
    BUFGCTRL_X0Y16       BUFG (Prop_bufg_I_O)         0.026     0.913 r  sys_clk_IBUF_BUFG_inst/O
                         net (fo=27, routed)          0.587     1.499    blinker_inst/sys_clk
    SLICE_X43Y57         FDRE                                         r  blinker_inst/counter_reg[7]/C
  -------------------------------------------------------------------    -------------------
    SLICE_X43Y57         FDRE (Prop_fdre_C_Q)         0.141     1.640 r  blinker_inst/counter_reg[7]/Q
                         net (fo=2, routed)           0.120     1.761    blinker_inst/counter_reg[7]
    SLICE_X43Y57         CARRY4 (Prop_carry4_S[3]_O[3])
                                                      0.108     1.869 r  blinker_inst/counter_reg[4]_i_1/O[3]
                         net (fo=1, routed)           0.000     1.869    blinker_inst/counter_reg[4]_i_1_n_4
    SLICE_X43Y57         FDRE                                         r  blinker_inst/counter_reg[7]/D
  -------------------------------------------------------------------    -------------------

                         (clock sys_clk_pin rise edge)
                                                      0.000     0.000 r  
    K17                                               0.000     0.000 r  sys_clk (IN)
                         net (fo=0)                   0.000     0.000    sys_clk
    K17                  IBUF (Prop_ibuf_I_O)         0.447     0.447 r  sys_clk_IBUF_inst/O
                         net (fo=1, routed)           0.683     1.130    sys_clk_IBUF
    BUFGCTRL_X0Y16       BUFG (Prop_bufg_I_O)         0.029     1.159 r  sys_clk_IBUF_BUFG_inst/O
                         net (fo=27, routed)          0.857     2.016    blinker_inst/sys_clk
    SLICE_X43Y57         FDRE                                         r  blinker_inst/counter_reg[7]/C
                         clock pessimism             -0.517     1.499    
    SLICE_X43Y57         FDRE (Hold_fdre_C_D)         0.105     1.604    blinker_inst/counter_reg[7]
  -------------------------------------------------------------------
                         required time                         -1.604    
                         arrival time                           1.869    
  -------------------------------------------------------------------
                         slack                                  0.264    

Slack (MET) :             0.264ns  (arrival time - required time)
  Source:                 blinker_inst/counter_reg[3]/C
                            (rising edge-triggered cell FDRE clocked by sys_clk_pin  {rise@0.000ns fall@4.000ns period=8.000ns})
  Destination:            blinker_inst/counter_reg[3]/D
                            (rising edge-triggered cell FDRE clocked by sys_clk_pin  {rise@0.000ns fall@4.000ns period=8.000ns})
  Path Group:             sys_clk_pin
  Path Type:              Hold (Min at Fast Process Corner)
  Requirement:            0.000ns  (sys_clk_pin rise@0.000ns - sys_clk_pin rise@0.000ns)
  Data Path Delay:        0.369ns  (logic 0.249ns (67.412%)  route 0.120ns (32.588%))
  Logic Levels:           1  (CARRY4=1)
  Clock Path Skew:        0.000ns (DCD - SCD - CPR)
    Destination Clock Delay (DCD):    2.017ns
    Source Clock Delay      (SCD):    1.500ns
    Clock Pessimism Removal (CPR):    0.517ns

    Location             Delay type                Incr(ns)  Path(ns)    Netlist Resource(s)
  -------------------------------------------------------------------    -------------------
                         (clock sys_clk_pin rise edge)
                                                      0.000     0.000 r  
    K17                                               0.000     0.000 r  sys_clk (IN)
                         net (fo=0)                   0.000     0.000    sys_clk
    K17                  IBUF (Prop_ibuf_I_O)         0.259     0.259 r  sys_clk_IBUF_inst/O
                         net (fo=1, routed)           0.627     0.887    sys_clk_IBUF
    BUFGCTRL_X0Y16       BUFG (Prop_bufg_I_O)         0.026     0.913 r  sys_clk_IBUF_BUFG_inst/O
                         net (fo=27, routed)          0.588     1.500    blinker_inst/sys_clk
    SLICE_X43Y56         FDRE                                         r  blinker_inst/counter_reg[3]/C
  -------------------------------------------------------------------    -------------------
    SLICE_X43Y56         FDRE (Prop_fdre_C_Q)         0.141     1.641 r  blinker_inst/counter_reg[3]/Q
                         net (fo=2, routed)           0.120     1.762    blinker_inst/counter_reg[3]
    SLICE_X43Y56         CARRY4 (Prop_carry4_S[3]_O[3])
                                                      0.108     1.870 r  blinker_inst/counter_reg[0]_i_2/O[3]
                         net (fo=1, routed)           0.000     1.870    blinker_inst/counter_reg[0]_i_2_n_4
    SLICE_X43Y56         FDRE                                         r  blinker_inst/counter_reg[3]/D
  -------------------------------------------------------------------    -------------------

                         (clock sys_clk_pin rise edge)
                                                      0.000     0.000 r  
    K17                                               0.000     0.000 r  sys_clk (IN)
                         net (fo=0)                   0.000     0.000    sys_clk
    K17                  IBUF (Prop_ibuf_I_O)         0.447     0.447 r  sys_clk_IBUF_inst/O
                         net (fo=1, routed)           0.683     1.130    sys_clk_IBUF
    BUFGCTRL_X0Y16       BUFG (Prop_bufg_I_O)         0.029     1.159 r  sys_clk_IBUF_BUFG_inst/O
                         net (fo=27, routed)          0.858     2.017    blinker_inst/sys_clk
    SLICE_X43Y56         FDRE                                         r  blinker_inst/counter_reg[3]/C
                         clock pessimism             -0.517     1.500    
    SLICE_X43Y56         FDRE (Hold_fdre_C_D)         0.105     1.605    blinker_inst/counter_reg[3]
  -------------------------------------------------------------------
                         required time                         -1.605    
                         arrival time                           1.870    
  -------------------------------------------------------------------
                         slack                                  0.264    

Slack (MET) :             0.266ns  (arrival time - required time)
  Source:                 blinker_inst/counter_reg[8]/C
                            (rising edge-triggered cell FDRE clocked by sys_clk_pin  {rise@0.000ns fall@4.000ns period=8.000ns})
  Destination:            blinker_inst/counter_reg[8]/D
                            (rising edge-triggered cell FDRE clocked by sys_clk_pin  {rise@0.000ns fall@4.000ns period=8.000ns})
  Path Group:             sys_clk_pin
  Path Type:              Hold (Min at Fast Process Corner)
  Requirement:            0.000ns  (sys_clk_pin rise@0.000ns - sys_clk_pin rise@0.000ns)
  Data Path Delay:        0.371ns  (logic 0.256ns (68.994%)  route 0.115ns (31.006%))
  Logic Levels:           1  (CARRY4=1)
  Clock Path Skew:        0.000ns (DCD - SCD - CPR)
    Destination Clock Delay (DCD):    2.016ns
    Source Clock Delay      (SCD):    1.499ns
    Clock Pessimism Removal (CPR):    0.517ns

    Location             Delay type                Incr(ns)  Path(ns)    Netlist Resource(s)
  -------------------------------------------------------------------    -------------------
                         (clock sys_clk_pin rise edge)
                                                      0.000     0.000 r  
    K17                                               0.000     0.000 r  sys_clk (IN)
                         net (fo=0)                   0.000     0.000    sys_clk
    K17                  IBUF (Prop_ibuf_I_O)         0.259     0.259 r  sys_clk_IBUF_inst/O
                         net (fo=1, routed)           0.627     0.887    sys_clk_IBUF
    BUFGCTRL_X0Y16       BUFG (Prop_bufg_I_O)         0.026     0.913 r  sys_clk_IBUF_BUFG_inst/O
                         net (fo=27, routed)          0.587     1.499    blinker_inst/sys_clk
    SLICE_X43Y58         FDRE                                         r  blinker_inst/counter_reg[8]/C
  -------------------------------------------------------------------    -------------------
    SLICE_X43Y58         FDRE (Prop_fdre_C_Q)         0.141     1.640 r  blinker_inst/counter_reg[8]/Q
                         net (fo=2, routed)           0.115     1.755    blinker_inst/counter_reg[8]
    SLICE_X43Y58         CARRY4 (Prop_carry4_S[0]_O[0])
                                                      0.115     1.870 r  blinker_inst/counter_reg[8]_i_1/O[0]
                         net (fo=1, routed)           0.000     1.870    blinker_inst/counter_reg[8]_i_1_n_7
    SLICE_X43Y58         FDRE                                         r  blinker_inst/counter_reg[8]/D
  -------------------------------------------------------------------    -------------------

                         (clock sys_clk_pin rise edge)
                                                      0.000     0.000 r  
    K17                                               0.000     0.000 r  sys_clk (IN)
                         net (fo=0)                   0.000     0.000    sys_clk
    K17                  IBUF (Prop_ibuf_I_O)         0.447     0.447 r  sys_clk_IBUF_inst/O
                         net (fo=1, routed)           0.683     1.130    sys_clk_IBUF
    BUFGCTRL_X0Y16       BUFG (Prop_bufg_I_O)         0.029     1.159 r  sys_clk_IBUF_BUFG_inst/O
                         net (fo=27, routed)          0.857     2.016    blinker_inst/sys_clk
    SLICE_X43Y58         FDRE                                         r  blinker_inst/counter_reg[8]/C
                         clock pessimism             -0.517     1.499    
    SLICE_X43Y58         FDRE (Hold_fdre_C_D)         0.105     1.604    blinker_inst/counter_reg[8]
  -------------------------------------------------------------------
                         required time                         -1.604    
                         arrival time                           1.870    
  -------------------------------------------------------------------
                         slack                                  0.266    

Slack (MET) :             0.267ns  (arrival time - required time)
  Source:                 blinker_inst/counter_reg[12]/C
                            (rising edge-triggered cell FDRE clocked by sys_clk_pin  {rise@0.000ns fall@4.000ns period=8.000ns})
  Destination:            blinker_inst/counter_reg[12]/D
                            (rising edge-triggered cell FDRE clocked by sys_clk_pin  {rise@0.000ns fall@4.000ns period=8.000ns})
  Path Group:             sys_clk_pin
  Path Type:              Hold (Min at Fast Process Corner)
  Requirement:            0.000ns  (sys_clk_pin rise@0.000ns - sys_clk_pin rise@0.000ns)
  Data Path Delay:        0.372ns  (logic 0.256ns (68.766%)  route 0.116ns (31.234%))
  Logic Levels:           1  (CARRY4=1)
  Clock Path Skew:        0.000ns (DCD - SCD - CPR)
    Destination Clock Delay (DCD):    2.016ns
    Source Clock Delay      (SCD):    1.499ns
    Clock Pessimism Removal (CPR):    0.517ns

    Location             Delay type                Incr(ns)  Path(ns)    Netlist Resource(s)
  -------------------------------------------------------------------    -------------------
                         (clock sys_clk_pin rise edge)
                                                      0.000     0.000 r  
    K17                                               0.000     0.000 r  sys_clk (IN)
                         net (fo=0)                   0.000     0.000    sys_clk
    K17                  IBUF (Prop_ibuf_I_O)         0.259     0.259 r  sys_clk_IBUF_inst/O
                         net (fo=1, routed)           0.627     0.887    sys_clk_IBUF
    BUFGCTRL_X0Y16       BUFG (Prop_bufg_I_O)         0.026     0.913 r  sys_clk_IBUF_BUFG_inst/O
                         net (fo=27, routed)          0.587     1.499    blinker_inst/sys_clk
    SLICE_X43Y59         FDRE                                         r  blinker_inst/counter_reg[12]/C
  -------------------------------------------------------------------    -------------------
    SLICE_X43Y59         FDRE (Prop_fdre_C_Q)         0.141     1.640 r  blinker_inst/counter_reg[12]/Q
                         net (fo=2, routed)           0.116     1.757    blinker_inst/counter_reg[12]
    SLICE_X43Y59         CARRY4 (Prop_carry4_S[0]_O[0])
                                                      0.115     1.872 r  blinker_inst/counter_reg[12]_i_1/O[0]
                         net (fo=1, routed)           0.000     1.872    blinker_inst/counter_reg[12]_i_1_n_7
    SLICE_X43Y59         FDRE                                         r  blinker_inst/counter_reg[12]/D
  -------------------------------------------------------------------    -------------------

                         (clock sys_clk_pin rise edge)
                                                      0.000     0.000 r  
    K17                                               0.000     0.000 r  sys_clk (IN)
                         net (fo=0)                   0.000     0.000    sys_clk
    K17                  IBUF (Prop_ibuf_I_O)         0.447     0.447 r  sys_clk_IBUF_inst/O
                         net (fo=1, routed)           0.683     1.130    sys_clk_IBUF
    BUFGCTRL_X0Y16       BUFG (Prop_bufg_I_O)         0.029     1.159 r  sys_clk_IBUF_BUFG_inst/O
                         net (fo=27, routed)          0.857     2.016    blinker_inst/sys_clk
    SLICE_X43Y59         FDRE                                         r  blinker_inst/counter_reg[12]/C
                         clock pessimism             -0.517     1.499    
    SLICE_X43Y59         FDRE (Hold_fdre_C_D)         0.105     1.604    blinker_inst/counter_reg[12]
  -------------------------------------------------------------------
                         required time                         -1.604    
                         arrival time                           1.872    
  -------------------------------------------------------------------
                         slack                                  0.267    

Slack (MET) :             0.267ns  (arrival time - required time)
  Source:                 blinker_inst/counter_reg[16]/C
                            (rising edge-triggered cell FDRE clocked by sys_clk_pin  {rise@0.000ns fall@4.000ns period=8.000ns})
  Destination:            blinker_inst/counter_reg[16]/D
                            (rising edge-triggered cell FDRE clocked by sys_clk_pin  {rise@0.000ns fall@4.000ns period=8.000ns})
  Path Group:             sys_clk_pin
  Path Type:              Hold (Min at Fast Process Corner)
  Requirement:            0.000ns  (sys_clk_pin rise@0.000ns - sys_clk_pin rise@0.000ns)
  Data Path Delay:        0.372ns  (logic 0.256ns (68.766%)  route 0.116ns (31.234%))
  Logic Levels:           1  (CARRY4=1)
  Clock Path Skew:        0.000ns (DCD - SCD - CPR)
    Destination Clock Delay (DCD):    2.015ns
    Source Clock Delay      (SCD):    1.498ns
    Clock Pessimism Removal (CPR):    0.517ns

    Location             Delay type                Incr(ns)  Path(ns)    Netlist Resource(s)
  -------------------------------------------------------------------    -------------------
                         (clock sys_clk_pin rise edge)
                                                      0.000     0.000 r  
    K17                                               0.000     0.000 r  sys_clk (IN)
                         net (fo=0)                   0.000     0.000    sys_clk
    K17                  IBUF (Prop_ibuf_I_O)         0.259     0.259 r  sys_clk_IBUF_inst/O
                         net (fo=1, routed)           0.627     0.887    sys_clk_IBUF
    BUFGCTRL_X0Y16       BUFG (Prop_bufg_I_O)         0.026     0.913 r  sys_clk_IBUF_BUFG_inst/O
                         net (fo=27, routed)          0.586     1.498    blinker_inst/sys_clk
    SLICE_X43Y60         FDRE                                         r  blinker_inst/counter_reg[16]/C
  -------------------------------------------------------------------    -------------------
    SLICE_X43Y60         FDRE (Prop_fdre_C_Q)         0.141     1.639 r  blinker_inst/counter_reg[16]/Q
                         net (fo=2, routed)           0.116     1.756    blinker_inst/counter_reg[16]
    SLICE_X43Y60         CARRY4 (Prop_carry4_S[0]_O[0])
                                                      0.115     1.871 r  blinker_inst/counter_reg[16]_i_1/O[0]
                         net (fo=1, routed)           0.000     1.871    blinker_inst/counter_reg[16]_i_1_n_7
    SLICE_X43Y60         FDRE                                         r  blinker_inst/counter_reg[16]/D
  -------------------------------------------------------------------    -------------------

                         (clock sys_clk_pin rise edge)
                                                      0.000     0.000 r  
    K17                                               0.000     0.000 r  sys_clk (IN)
                         net (fo=0)                   0.000     0.000    sys_clk
    K17                  IBUF (Prop_ibuf_I_O)         0.447     0.447 r  sys_clk_IBUF_inst/O
                         net (fo=1, routed)           0.683     1.130    sys_clk_IBUF
    BUFGCTRL_X0Y16       BUFG (Prop_bufg_I_O)         0.029     1.159 r  sys_clk_IBUF_BUFG_inst/O
                         net (fo=27, routed)          0.856     2.015    blinker_inst/sys_clk
    SLICE_X43Y60         FDRE                                         r  blinker_inst/counter_reg[16]/C
                         clock pessimism             -0.517     1.498    
    SLICE_X43Y60         FDRE (Hold_fdre_C_D)         0.105     1.603    blinker_inst/counter_reg[16]
  -------------------------------------------------------------------
                         required time                         -1.603    
                         arrival time                           1.871    
  -------------------------------------------------------------------
                         slack                                  0.267    

Slack (MET) :             0.268ns  (arrival time - required time)
  Source:                 blinker_inst/counter_reg[14]/C
                            (rising edge-triggered cell FDRE clocked by sys_clk_pin  {rise@0.000ns fall@4.000ns period=8.000ns})
  Destination:            blinker_inst/counter_reg[14]/D
                            (rising edge-triggered cell FDRE clocked by sys_clk_pin  {rise@0.000ns fall@4.000ns period=8.000ns})
  Path Group:             sys_clk_pin
  Path Type:              Hold (Min at Fast Process Corner)
  Requirement:            0.000ns  (sys_clk_pin rise@0.000ns - sys_clk_pin rise@0.000ns)
  Data Path Delay:        0.373ns  (logic 0.252ns (67.585%)  route 0.121ns (32.415%))
  Logic Levels:           1  (CARRY4=1)
  Clock Path Skew:        0.000ns (DCD - SCD - CPR)
    Destination Clock Delay (DCD):    2.016ns
    Source Clock Delay      (SCD):    1.499ns
    Clock Pessimism Removal (CPR):    0.517ns

    Location             Delay type                Incr(ns)  Path(ns)    Netlist Resource(s)
  -------------------------------------------------------------------    -------------------
                         (clock sys_clk_pin rise edge)
                                                      0.000     0.000 r  
    K17                                               0.000     0.000 r  sys_clk (IN)
                         net (fo=0)                   0.000     0.000    sys_clk
    K17                  IBUF (Prop_ibuf_I_O)         0.259     0.259 r  sys_clk_IBUF_inst/O
                         net (fo=1, routed)           0.627     0.887    sys_clk_IBUF
    BUFGCTRL_X0Y16       BUFG (Prop_bufg_I_O)         0.026     0.913 r  sys_clk_IBUF_BUFG_inst/O
                         net (fo=27, routed)          0.587     1.499    blinker_inst/sys_clk
    SLICE_X43Y59         FDRE                                         r  blinker_inst/counter_reg[14]/C
  -------------------------------------------------------------------    -------------------
    SLICE_X43Y59         FDRE (Prop_fdre_C_Q)         0.141     1.640 r  blinker_inst/counter_reg[14]/Q
                         net (fo=2, routed)           0.121     1.761    blinker_inst/counter_reg[14]
    SLICE_X43Y59         CARRY4 (Prop_carry4_S[2]_O[2])
                                                      0.111     1.872 r  blinker_inst/counter_reg[12]_i_1/O[2]
                         net (fo=1, routed)           0.000     1.872    blinker_inst/counter_reg[12]_i_1_n_5
    SLICE_X43Y59         FDRE                                         r  blinker_inst/counter_reg[14]/D
  -------------------------------------------------------------------    -------------------

                         (clock sys_clk_pin rise edge)
                                                      0.000     0.000 r  
    K17                                               0.000     0.000 r  sys_clk (IN)
                         net (fo=0)                   0.000     0.000    sys_clk
    K17                  IBUF (Prop_ibuf_I_O)         0.447     0.447 r  sys_clk_IBUF_inst/O
                         net (fo=1, routed)           0.683     1.130    sys_clk_IBUF
    BUFGCTRL_X0Y16       BUFG (Prop_bufg_I_O)         0.029     1.159 r  sys_clk_IBUF_BUFG_inst/O
                         net (fo=27, routed)          0.857     2.016    blinker_inst/sys_clk
    SLICE_X43Y59         FDRE                                         r  blinker_inst/counter_reg[14]/C
                         clock pessimism             -0.517     1.499    
    SLICE_X43Y59         FDRE (Hold_fdre_C_D)         0.105     1.604    blinker_inst/counter_reg[14]
  -------------------------------------------------------------------
                         required time                         -1.604    
                         arrival time                           1.872    
  -------------------------------------------------------------------
                         slack                                  0.268    





Pulse Width Checks
--------------------------------------------------------------------------------------
Clock Name:         sys_clk_pin
Waveform(ns):       { 0.000 4.000 }
Period(ns):         8.000
Sources:            { sys_clk }

Check Type        Corner  Lib Pin  Reference Pin  Required(ns)  Actual(ns)  Slack(ns)  Location        Pin
Min Period        n/a     BUFG/I   n/a            2.155         8.000       5.845      BUFGCTRL_X0Y16  sys_clk_IBUF_BUFG_inst/I
Min Period        n/a     FDRE/C   n/a            1.000         8.000       7.000      SLICE_X43Y56    blinker_inst/counter_reg[0]/C
Min Period        n/a     FDRE/C   n/a            1.000         8.000       7.000      SLICE_X43Y58    blinker_inst/counter_reg[10]/C
Min Period        n/a     FDRE/C   n/a            1.000         8.000       7.000      SLICE_X43Y58    blinker_inst/counter_reg[11]/C
Min Period        n/a     FDRE/C   n/a            1.000         8.000       7.000      SLICE_X43Y59    blinker_inst/counter_reg[12]/C
Min Period        n/a     FDRE/C   n/a            1.000         8.000       7.000      SLICE_X43Y59    blinker_inst/counter_reg[13]/C
Min Period        n/a     FDRE/C   n/a            1.000         8.000       7.000      SLICE_X43Y59    blinker_inst/counter_reg[14]/C
Min Period        n/a     FDRE/C   n/a            1.000         8.000       7.000      SLICE_X43Y59    blinker_inst/counter_reg[15]/C
Min Period        n/a     FDRE/C   n/a            1.000         8.000       7.000      SLICE_X43Y60    blinker_inst/counter_reg[16]/C
Min Period        n/a     FDRE/C   n/a            1.000         8.000       7.000      SLICE_X43Y60    blinker_inst/counter_reg[17]/C
Low Pulse Width   Slow    FDRE/C   n/a            0.500         4.000       3.500      SLICE_X43Y56    blinker_inst/counter_reg[0]/C
Low Pulse Width   Fast    FDRE/C   n/a            0.500         4.000       3.500      SLICE_X43Y56    blinker_inst/counter_reg[0]/C
Low Pulse Width   Slow    FDRE/C   n/a            0.500         4.000       3.500      SLICE_X43Y58    blinker_inst/counter_reg[10]/C
Low Pulse Width   Fast    FDRE/C   n/a            0.500         4.000       3.500      SLICE_X43Y58    blinker_inst/counter_reg[10]/C
Low Pulse Width   Slow    FDRE/C   n/a            0.500         4.000       3.500      SLICE_X43Y58    blinker_inst/counter_reg[11]/C
Low Pulse Width   Fast    FDRE/C   n/a            0.500         4.000       3.500      SLICE_X43Y58    blinker_inst/counter_reg[11]/C
Low Pulse Width   Slow    FDRE/C   n/a            0.500         4.000       3.500      SLICE_X43Y59    blinker_inst/counter_reg[12]/C
Low Pulse Width   Fast    FDRE/C   n/a            0.500         4.000       3.500      SLICE_X43Y59    blinker_inst/counter_reg[12]/C
Low Pulse Width   Slow    FDRE/C   n/a            0.500         4.000       3.500      SLICE_X43Y59    blinker_inst/counter_reg[13]/C
Low Pulse Width   Fast    FDRE/C   n/a            0.500         4.000       3.500      SLICE_X43Y59    blinker_inst/counter_reg[13]/C
High Pulse Width  Slow    FDRE/C   n/a            0.500         4.000       3.500      SLICE_X43Y56    blinker_inst/counter_reg[0]/C
High Pulse Width  Fast    FDRE/C   n/a            0.500         4.000       3.500      SLICE_X43Y56    blinker_inst/counter_reg[0]/C
High Pulse Width  Slow    FDRE/C   n/a            0.500         4.000       3.500      SLICE_X43Y58    blinker_inst/counter_reg[10]/C
High Pulse Width  Fast    FDRE/C   n/a            0.500         4.000       3.500      SLICE_X43Y58    blinker_inst/counter_reg[10]/C
High Pulse Width  Slow    FDRE/C   n/a            0.500         4.000       3.500      SLICE_X43Y58    blinker_inst/counter_reg[11]/C
High Pulse Width  Fast    FDRE/C   n/a            0.500         4.000       3.500      SLICE_X43Y58    blinker_inst/counter_reg[11]/C
High Pulse Width  Slow    FDRE/C   n/a            0.500         4.000       3.500      SLICE_X43Y59    blinker_inst/counter_reg[12]/C
High Pulse Width  Fast    FDRE/C   n/a            0.500         4.000       3.500      SLICE_X43Y59    blinker_inst/counter_reg[12]/C
High Pulse Width  Slow    FDRE/C   n/a            0.500         4.000       3.500      SLICE_X43Y59    blinker_inst/counter_reg[13]/C
High Pulse Width  Fast    FDRE/C   n/a            0.500         4.000       3.500      SLICE_X43Y59    blinker_inst/counter_reg[13]/C



--------------------------------------------------------------------------------------
Path Group:  (none)
From Clock:  
  To Clock:  

Max Delay             3 Endpoints
Min Delay             3 Endpoints
--------------------------------------------------------------------------------------


Max Delay Paths
--------------------------------------------------------------------------------------
Slack:                    inf
  Source:                 sw[1]
                            (input port)
  Destination:            rgb_out[0]
                            (output port)
  Path Group:             (none)
  Path Type:              Max at Slow Process Corner
  Data Path Delay:        11.224ns  (logic 5.351ns (47.673%)  route 5.873ns (52.327%))
  Logic Levels:           3  (IBUF=1 LUT4=1 OBUF=1)

    Location             Delay type                Incr(ns)  Path(ns)    Netlist Resource(s)
  -------------------------------------------------------------------    -------------------
    P15                                               0.000     0.000 f  sw[1] (IN)
                         net (fo=0)                   0.000     0.000    sw[1]
    P15                  IBUF (Prop_ibuf_I_O)         1.451     1.451 f  sw_IBUF[1]_inst/O
                         net (fo=5, routed)           2.545     3.996    blinker_inst/sw_IBUF[1]
    SLICE_X42Y61         LUT4 (Prop_lut4_I2_O)        0.150     4.146 r  blinker_inst/rgb_out_OBUF[0]_inst_i_1/O
                         net (fo=1, routed)           3.328     7.474    rgb_out_OBUF[0]
    V16                  OBUF (Prop_obuf_I_O)         3.750    11.224 r  rgb_out_OBUF[0]_inst/O
                         net (fo=0)                   0.000    11.224    rgb_out[0]
    V16                                                               r  rgb_out[0] (OUT)
  -------------------------------------------------------------------    -------------------

Slack:                    inf
  Source:                 sw[1]
                            (input port)
  Destination:            rgb_out[2]
                            (output port)
  Path Group:             (none)
  Path Type:              Max at Slow Process Corner
  Data Path Delay:        10.046ns  (logic 5.170ns (51.467%)  route 4.876ns (48.533%))
  Logic Levels:           3  (IBUF=1 LUT4=1 OBUF=1)

    Location             Delay type                Incr(ns)  Path(ns)    Netlist Resource(s)
  -------------------------------------------------------------------    -------------------
    P15                                               0.000     0.000 f  sw[1] (IN)
                         net (fo=0)                   0.000     0.000    sw[1]
    P15                  IBUF (Prop_ibuf_I_O)         1.451     1.451 f  sw_IBUF[1]_inst/O
                         net (fo=5, routed)           2.545     3.996    blinker_inst/sw_IBUF[1]
    SLICE_X42Y61         LUT4 (Prop_lut4_I3_O)        0.124     4.120 r  blinker_inst/rgb_out_OBUF[2]_inst_i_1/O
                         net (fo=1, routed)           2.331     6.451    rgb_out_OBUF[2]
    M17                  OBUF (Prop_obuf_I_O)         3.596    10.046 r  rgb_out_OBUF[2]_inst/O
                         net (fo=0)                   0.000    10.046    rgb_out[2]
    M17                                                               r  rgb_out[2] (OUT)
  -------------------------------------------------------------------    -------------------

Slack:                    inf
  Source:                 sw[1]
                            (input port)
  Destination:            rgb_out[1]
                            (output port)
  Path Group:             (none)
  Path Type:              Max at Slow Process Corner
  Data Path Delay:        10.026ns  (logic 5.086ns (50.730%)  route 4.940ns (49.270%))
  Logic Levels:           3  (IBUF=1 LUT4=1 OBUF=1)

    Location             Delay type                Incr(ns)  Path(ns)    Netlist Resource(s)
  -------------------------------------------------------------------    -------------------
    P15                                               0.000     0.000 r  sw[1] (IN)
                         net (fo=0)                   0.000     0.000    sw[1]
    P15                  IBUF (Prop_ibuf_I_O)         1.451     1.451 r  sw_IBUF[1]_inst/O
                         net (fo=5, routed)           2.562     4.013    blinker_inst/sw_IBUF[1]
    SLICE_X42Y61         LUT4 (Prop_lut4_I2_O)        0.124     4.137 r  blinker_inst/rgb_out_OBUF[1]_inst_i_1/O
                         net (fo=1, routed)           2.378     6.514    rgb_out_OBUF[1]
    F17                  OBUF (Prop_obuf_I_O)         3.511    10.026 r  rgb_out_OBUF[1]_inst/O
                         net (fo=0)                   0.000    10.026    rgb_out[1]
    F17                                                               r  rgb_out[1] (OUT)
  -------------------------------------------------------------------    -------------------





Min Delay Paths
--------------------------------------------------------------------------------------
Slack:                    inf
  Source:                 sw[0]
                            (input port)
  Destination:            rgb_out[1]
                            (output port)
  Path Group:             (none)
  Path Type:              Min at Fast Process Corner
  Data Path Delay:        2.474ns  (logic 1.478ns (59.724%)  route 0.997ns (40.276%))
  Logic Levels:           3  (IBUF=1 LUT4=1 OBUF=1)

    Location             Delay type                Incr(ns)  Path(ns)    Netlist Resource(s)
  -------------------------------------------------------------------    -------------------
    G15                                               0.000     0.000 f  sw[0] (IN)
                         net (fo=0)                   0.000     0.000    sw[0]
    G15                  IBUF (Prop_ibuf_I_O)         0.220     0.220 f  sw_IBUF[0]_inst/O
                         net (fo=5, routed)           0.389     0.610    blinker_inst/sw_IBUF[0]
    SLICE_X42Y61         LUT4 (Prop_lut4_I3_O)        0.045     0.655 r  blinker_inst/rgb_out_OBUF[1]_inst_i_1/O
                         net (fo=1, routed)           0.608     1.262    rgb_out_OBUF[1]
    F17                  OBUF (Prop_obuf_I_O)         1.212     2.474 r  rgb_out_OBUF[1]_inst/O
                         net (fo=0)                   0.000     2.474    rgb_out[1]
    F17                                                               r  rgb_out[1] (OUT)
  -------------------------------------------------------------------    -------------------

Slack:                    inf
  Source:                 sw[0]
                            (input port)
  Destination:            rgb_out[2]
                            (output port)
  Path Group:             (none)
  Path Type:              Min at Fast Process Corner
  Data Path Delay:        2.683ns  (logic 1.561ns (58.193%)  route 1.122ns (41.807%))
  Logic Levels:           3  (IBUF=1 LUT4=1 OBUF=1)

    Location             Delay type                Incr(ns)  Path(ns)    Netlist Resource(s)
  -------------------------------------------------------------------    -------------------
    G15                                               0.000     0.000 f  sw[0] (IN)
                         net (fo=0)                   0.000     0.000    sw[0]
    G15                  IBUF (Prop_ibuf_I_O)         0.220     0.220 f  sw_IBUF[0]_inst/O
                         net (fo=5, routed)           0.486     0.707    blinker_inst/sw_IBUF[0]
    SLICE_X42Y61         LUT4 (Prop_lut4_I2_O)        0.045     0.752 r  blinker_inst/rgb_out_OBUF[2]_inst_i_1/O
                         net (fo=1, routed)           0.636     1.387    rgb_out_OBUF[2]
    M17                  OBUF (Prop_obuf_I_O)         1.296     2.683 r  rgb_out_OBUF[2]_inst/O
                         net (fo=0)                   0.000     2.683    rgb_out[2]
    M17                                                               r  rgb_out[2] (OUT)
  -------------------------------------------------------------------    -------------------

Slack:                    inf
  Source:                 sw[0]
                            (input port)
  Destination:            rgb_out[0]
                            (output port)
  Path Group:             (none)
  Path Type:              Min at Fast Process Corner
  Data Path Delay:        3.108ns  (logic 1.564ns (50.326%)  route 1.544ns (49.674%))
  Logic Levels:           3  (IBUF=1 LUT4=1 OBUF=1)

    Location             Delay type                Incr(ns)  Path(ns)    Netlist Resource(s)
  -------------------------------------------------------------------    -------------------
    G15                                               0.000     0.000 r  sw[0] (IN)
                         net (fo=0)                   0.000     0.000    sw[0]
    G15                  IBUF (Prop_ibuf_I_O)         0.220     0.220 r  sw_IBUF[0]_inst/O
                         net (fo=5, routed)           0.486     0.707    blinker_inst/sw_IBUF[0]
    SLICE_X42Y61         LUT4 (Prop_lut4_I1_O)        0.044     0.751 r  blinker_inst/rgb_out_OBUF[0]_inst_i_1/O
                         net (fo=1, routed)           1.058     1.808    rgb_out_OBUF[0]
    V16                  OBUF (Prop_obuf_I_O)         1.300     3.108 r  rgb_out_OBUF[0]_inst/O
                         net (fo=0)                   0.000     3.108    rgb_out[0]
    V16                                                               r  rgb_out[0] (OUT)
  -------------------------------------------------------------------    -------------------





--------------------------------------------------------------------------------------
Path Group:  (none)
From Clock:  sys_clk_pin
  To Clock:  

Max Delay             3 Endpoints
Min Delay             3 Endpoints
--------------------------------------------------------------------------------------


Max Delay Paths
--------------------------------------------------------------------------------------
Slack:                    inf
  Source:                 blinker_inst/led_out_reg_reg/C
                            (rising edge-triggered cell FDRE clocked by sys_clk_pin  {rise@0.000ns fall@4.000ns period=8.000ns})
  Destination:            rgb_out[0]
                            (output port)
  Path Group:             (none)
  Path Type:              Max at Slow Process Corner
  Data Path Delay:        8.288ns  (logic 4.418ns (53.303%)  route 3.870ns (46.697%))
  Logic Levels:           2  (LUT4=1 OBUF=1)
  Clock Uncertainty:      0.025ns  ((TSJ^2 + TIJ^2)^1/2 + DJ) / 2 + PE
    Total System Jitter     (TSJ):    0.050ns
    Total Input Jitter      (TIJ):    0.000ns
    Discrete Jitter          (DJ):    0.000ns
    Phase Error              (PE):    0.000ns

    Location             Delay type                Incr(ns)  Path(ns)    Netlist Resource(s)
  -------------------------------------------------------------------    -------------------
                         (clock sys_clk_pin rise edge)
                                                      0.000     0.000 r  
    K17                                               0.000     0.000 r  sys_clk (IN)
                         net (fo=0)                   0.000     0.000    sys_clk
    K17                  IBUF (Prop_ibuf_I_O)         1.492     1.492 r  sys_clk_IBUF_inst/O
                         net (fo=1, routed)           2.076     3.568    sys_clk_IBUF
    BUFGCTRL_X0Y16       BUFG (Prop_bufg_I_O)         0.101     3.669 r  sys_clk_IBUF_BUFG_inst/O
                         net (fo=27, routed)          1.737     5.406    blinker_inst/sys_clk
    SLICE_X42Y61         FDRE                                         r  blinker_inst/led_out_reg_reg/C
  -------------------------------------------------------------------    -------------------
    SLICE_X42Y61         FDRE (Prop_fdre_C_Q)         0.518     5.924 r  blinker_inst/led_out_reg_reg/Q
                         net (fo=4, routed)           0.542     6.466    blinker_inst/blink_signal
    SLICE_X42Y61         LUT4 (Prop_lut4_I0_O)        0.150     6.616 r  blinker_inst/rgb_out_OBUF[0]_inst_i_1/O
                         net (fo=1, routed)           3.328     9.944    rgb_out_OBUF[0]
    V16                  OBUF (Prop_obuf_I_O)         3.750    13.694 r  rgb_out_OBUF[0]_inst/O
                         net (fo=0)                   0.000    13.694    rgb_out[0]
    V16                                                               r  rgb_out[0] (OUT)
  -------------------------------------------------------------------    -------------------

Slack:                    inf
  Source:                 blinker_inst/led_out_reg_reg/C
                            (rising edge-triggered cell FDRE clocked by sys_clk_pin  {rise@0.000ns fall@4.000ns period=8.000ns})
  Destination:            rgb_out[1]
                            (output port)
  Path Group:             (none)
  Path Type:              Max at Slow Process Corner
  Data Path Delay:        7.359ns  (logic 4.153ns (56.435%)  route 3.206ns (43.565%))
  Logic Levels:           2  (LUT4=1 OBUF=1)
  Clock Uncertainty:      0.025ns  ((TSJ^2 + TIJ^2)^1/2 + DJ) / 2 + PE
    Total System Jitter     (TSJ):    0.050ns
    Total Input Jitter      (TIJ):    0.000ns
    Discrete Jitter          (DJ):    0.000ns
    Phase Error              (PE):    0.000ns

    Location             Delay type                Incr(ns)  Path(ns)    Netlist Resource(s)
  -------------------------------------------------------------------    -------------------
                         (clock sys_clk_pin rise edge)
                                                      0.000     0.000 r  
    K17                                               0.000     0.000 r  sys_clk (IN)
                         net (fo=0)                   0.000     0.000    sys_clk
    K17                  IBUF (Prop_ibuf_I_O)         1.492     1.492 r  sys_clk_IBUF_inst/O
                         net (fo=1, routed)           2.076     3.568    sys_clk_IBUF
    BUFGCTRL_X0Y16       BUFG (Prop_bufg_I_O)         0.101     3.669 r  sys_clk_IBUF_BUFG_inst/O
                         net (fo=27, routed)          1.737     5.406    blinker_inst/sys_clk
    SLICE_X42Y61         FDRE                                         r  blinker_inst/led_out_reg_reg/C
  -------------------------------------------------------------------    -------------------
    SLICE_X42Y61         FDRE (Prop_fdre_C_Q)         0.518     5.924 r  blinker_inst/led_out_reg_reg/Q
                         net (fo=4, routed)           0.829     6.752    blinker_inst/blink_signal
    SLICE_X42Y61         LUT4 (Prop_lut4_I0_O)        0.124     6.876 r  blinker_inst/rgb_out_OBUF[1]_inst_i_1/O
                         net (fo=1, routed)           2.378     9.254    rgb_out_OBUF[1]
    F17                  OBUF (Prop_obuf_I_O)         3.511    12.765 r  rgb_out_OBUF[1]_inst/O
                         net (fo=0)                   0.000    12.765    rgb_out[1]
    F17                                                               r  rgb_out[1] (OUT)
  -------------------------------------------------------------------    -------------------

Slack:                    inf
  Source:                 blinker_inst/led_out_reg_reg/C
                            (rising edge-triggered cell FDRE clocked by sys_clk_pin  {rise@0.000ns fall@4.000ns period=8.000ns})
  Destination:            rgb_out[2]
                            (output port)
  Path Group:             (none)
  Path Type:              Max at Slow Process Corner
  Data Path Delay:        7.111ns  (logic 4.238ns (59.595%)  route 2.873ns (40.405%))
  Logic Levels:           2  (LUT4=1 OBUF=1)
  Clock Uncertainty:      0.025ns  ((TSJ^2 + TIJ^2)^1/2 + DJ) / 2 + PE
    Total System Jitter     (TSJ):    0.050ns
    Total Input Jitter      (TIJ):    0.000ns
    Discrete Jitter          (DJ):    0.000ns
    Phase Error              (PE):    0.000ns

    Location             Delay type                Incr(ns)  Path(ns)    Netlist Resource(s)
  -------------------------------------------------------------------    -------------------
                         (clock sys_clk_pin rise edge)
                                                      0.000     0.000 r  
    K17                                               0.000     0.000 r  sys_clk (IN)
                         net (fo=0)                   0.000     0.000    sys_clk
    K17                  IBUF (Prop_ibuf_I_O)         1.492     1.492 r  sys_clk_IBUF_inst/O
                         net (fo=1, routed)           2.076     3.568    sys_clk_IBUF
    BUFGCTRL_X0Y16       BUFG (Prop_bufg_I_O)         0.101     3.669 r  sys_clk_IBUF_BUFG_inst/O
                         net (fo=27, routed)          1.737     5.406    blinker_inst/sys_clk
    SLICE_X42Y61         FDRE                                         r  blinker_inst/led_out_reg_reg/C
  -------------------------------------------------------------------    -------------------
    SLICE_X42Y61         FDRE (Prop_fdre_C_Q)         0.518     5.924 r  blinker_inst/led_out_reg_reg/Q
                         net (fo=4, routed)           0.542     6.466    blinker_inst/blink_signal
    SLICE_X42Y61         LUT4 (Prop_lut4_I0_O)        0.124     6.590 r  blinker_inst/rgb_out_OBUF[2]_inst_i_1/O
                         net (fo=1, routed)           2.331     8.921    rgb_out_OBUF[2]
    M17                  OBUF (Prop_obuf_I_O)         3.596    12.517 r  rgb_out_OBUF[2]_inst/O
                         net (fo=0)                   0.000    12.517    rgb_out[2]
    M17                                                               r  rgb_out[2] (OUT)
  -------------------------------------------------------------------    -------------------





Min Delay Paths
--------------------------------------------------------------------------------------
Slack:                    inf
  Source:                 blinker_inst/led_out_reg_reg/C
                            (rising edge-triggered cell FDRE clocked by sys_clk_pin  {rise@0.000ns fall@4.000ns period=8.000ns})
  Destination:            rgb_out[1]
                            (output port)
  Path Group:             (none)
  Path Type:              Min at Fast Process Corner
  Data Path Delay:        2.276ns  (logic 1.421ns (62.438%)  route 0.855ns (37.562%))
  Logic Levels:           2  (LUT4=1 OBUF=1)
  Clock Uncertainty:      0.025ns  ((TSJ^2 + TIJ^2)^1/2 + DJ) / 2 + PE
    Total System Jitter     (TSJ):    0.050ns
    Total Input Jitter      (TIJ):    0.000ns
    Discrete Jitter          (DJ):    0.000ns
    Phase Error              (PE):    0.000ns

    Location             Delay type                Incr(ns)  Path(ns)    Netlist Resource(s)
  -------------------------------------------------------------------    -------------------
                         (clock sys_clk_pin rise edge)
                                                      0.000     0.000 r  
    K17                                               0.000     0.000 r  sys_clk (IN)
                         net (fo=0)                   0.000     0.000    sys_clk
    K17                  IBUF (Prop_ibuf_I_O)         0.259     0.259 r  sys_clk_IBUF_inst/O
                         net (fo=1, routed)           0.627     0.887    sys_clk_IBUF
    BUFGCTRL_X0Y16       BUFG (Prop_bufg_I_O)         0.026     0.913 r  sys_clk_IBUF_BUFG_inst/O
                         net (fo=27, routed)          0.586     1.498    blinker_inst/sys_clk
    SLICE_X42Y61         FDRE                                         r  blinker_inst/led_out_reg_reg/C
  -------------------------------------------------------------------    -------------------
    SLICE_X42Y61         FDRE (Prop_fdre_C_Q)         0.164     1.662 r  blinker_inst/led_out_reg_reg/Q
                         net (fo=4, routed)           0.248     1.910    blinker_inst/blink_signal
    SLICE_X42Y61         LUT4 (Prop_lut4_I0_O)        0.045     1.955 r  blinker_inst/rgb_out_OBUF[1]_inst_i_1/O
                         net (fo=1, routed)           0.608     2.562    rgb_out_OBUF[1]
    F17                  OBUF (Prop_obuf_I_O)         1.212     3.775 r  rgb_out_OBUF[1]_inst/O
                         net (fo=0)                   0.000     3.775    rgb_out[1]
    F17                                                               r  rgb_out[1] (OUT)
  -------------------------------------------------------------------    -------------------

Slack:                    inf
  Source:                 blinker_inst/led_out_reg_reg/C
                            (rising edge-triggered cell FDRE clocked by sys_clk_pin  {rise@0.000ns fall@4.000ns period=8.000ns})
  Destination:            rgb_out[2]
                            (output port)
  Path Group:             (none)
  Path Type:              Min at Fast Process Corner
  Data Path Delay:        2.327ns  (logic 1.505ns (64.672%)  route 0.822ns (35.328%))
  Logic Levels:           2  (LUT4=1 OBUF=1)
  Clock Uncertainty:      0.025ns  ((TSJ^2 + TIJ^2)^1/2 + DJ) / 2 + PE
    Total System Jitter     (TSJ):    0.050ns
    Total Input Jitter      (TIJ):    0.000ns
    Discrete Jitter          (DJ):    0.000ns
    Phase Error              (PE):    0.000ns

    Location             Delay type                Incr(ns)  Path(ns)    Netlist Resource(s)
  -------------------------------------------------------------------    -------------------
                         (clock sys_clk_pin rise edge)
                                                      0.000     0.000 r  
    K17                                               0.000     0.000 r  sys_clk (IN)
                         net (fo=0)                   0.000     0.000    sys_clk
    K17                  IBUF (Prop_ibuf_I_O)         0.259     0.259 r  sys_clk_IBUF_inst/O
                         net (fo=1, routed)           0.627     0.887    sys_clk_IBUF
    BUFGCTRL_X0Y16       BUFG (Prop_bufg_I_O)         0.026     0.913 r  sys_clk_IBUF_BUFG_inst/O
                         net (fo=27, routed)          0.586     1.498    blinker_inst/sys_clk
    SLICE_X42Y61         FDRE                                         r  blinker_inst/led_out_reg_reg/C
  -------------------------------------------------------------------    -------------------
    SLICE_X42Y61         FDRE (Prop_fdre_C_Q)         0.164     1.662 r  blinker_inst/led_out_reg_reg/Q
                         net (fo=4, routed)           0.186     1.849    blinker_inst/blink_signal
    SLICE_X42Y61         LUT4 (Prop_lut4_I0_O)        0.045     1.894 r  blinker_inst/rgb_out_OBUF[2]_inst_i_1/O
                         net (fo=1, routed)           0.636     2.529    rgb_out_OBUF[2]
    M17                  OBUF (Prop_obuf_I_O)         1.296     3.825 r  rgb_out_OBUF[2]_inst/O
                         net (fo=0)                   0.000     3.825    rgb_out[2]
    M17                                                               r  rgb_out[2] (OUT)
  -------------------------------------------------------------------    -------------------

Slack:                    inf
  Source:                 blinker_inst/led_out_reg_reg/C
                            (rising edge-triggered cell FDRE clocked by sys_clk_pin  {rise@0.000ns fall@4.000ns period=8.000ns})
  Destination:            rgb_out[0]
                            (output port)
  Path Group:             (none)
  Path Type:              Min at Fast Process Corner
  Data Path Delay:        2.751ns  (logic 1.507ns (54.770%)  route 1.244ns (45.230%))
  Logic Levels:           2  (LUT4=1 OBUF=1)
  Clock Uncertainty:      0.025ns  ((TSJ^2 + TIJ^2)^1/2 + DJ) / 2 + PE
    Total System Jitter     (TSJ):    0.050ns
    Total Input Jitter      (TIJ):    0.000ns
    Discrete Jitter          (DJ):    0.000ns
    Phase Error              (PE):    0.000ns

    Location             Delay type                Incr(ns)  Path(ns)    Netlist Resource(s)
  -------------------------------------------------------------------    -------------------
                         (clock sys_clk_pin rise edge)
                                                      0.000     0.000 r  
    K17                                               0.000     0.000 r  sys_clk (IN)
                         net (fo=0)                   0.000     0.000    sys_clk
    K17                  IBUF (Prop_ibuf_I_O)         0.259     0.259 r  sys_clk_IBUF_inst/O
                         net (fo=1, routed)           0.627     0.887    sys_clk_IBUF
    BUFGCTRL_X0Y16       BUFG (Prop_bufg_I_O)         0.026     0.913 r  sys_clk_IBUF_BUFG_inst/O
                         net (fo=27, routed)          0.586     1.498    blinker_inst/sys_clk
    SLICE_X42Y61         FDRE                                         r  blinker_inst/led_out_reg_reg/C
  -------------------------------------------------------------------    -------------------
    SLICE_X42Y61         FDRE (Prop_fdre_C_Q)         0.164     1.662 r  blinker_inst/led_out_reg_reg/Q
                         net (fo=4, routed)           0.186     1.849    blinker_inst/blink_signal
    SLICE_X42Y61         LUT4 (Prop_lut4_I0_O)        0.043     1.892 r  blinker_inst/rgb_out_OBUF[0]_inst_i_1/O
                         net (fo=1, routed)           1.058     2.950    rgb_out_OBUF[0]
    V16                  OBUF (Prop_obuf_I_O)         1.300     4.249 r  rgb_out_OBUF[0]_inst/O
                         net (fo=0)                   0.000     4.249    rgb_out[0]
    V16                                                               r  rgb_out[0] (OUT)
  -------------------------------------------------------------------    -------------------





--------------------------------------------------------------------------------------
Path Group:  (none)
From Clock:  
  To Clock:  sys_clk_pin

Max Delay            27 Endpoints
Min Delay            27 Endpoints
--------------------------------------------------------------------------------------


Max Delay Paths
--------------------------------------------------------------------------------------
Slack:                    inf
  Source:                 sw[1]
                            (input port)
  Destination:            blinker_inst/counter_reg[4]/R
                            (rising edge-triggered cell FDRE clocked by sys_clk_pin  {rise@0.000ns fall@4.000ns period=8.000ns})
  Path Group:             (none)
  Path Type:              Setup (Max at Slow Process Corner)
  Data Path Delay:        4.855ns  (logic 1.575ns (32.434%)  route 3.281ns (67.566%))
  Logic Levels:           2  (IBUF=1 LUT5=1)
  Clock Path Skew:        4.954ns (DCD - SCD + CPR)
    Destination Clock Delay (DCD):    4.954ns
    Source Clock Delay      (SCD):    0.000ns
    Clock Pessimism Removal (CPR):    0.000ns
  Clock Uncertainty:      0.025ns  ((TSJ^2 + TIJ^2)^1/2 + DJ) / 2 + PE
    Total System Jitter     (TSJ):    0.050ns
    Total Input Jitter      (TIJ):    0.000ns
    Discrete Jitter          (DJ):    0.000ns
    Phase Error              (PE):    0.000ns

    Location             Delay type                Incr(ns)  Path(ns)    Netlist Resource(s)
  -------------------------------------------------------------------    -------------------
    P15                                               0.000     0.000 r  sw[1] (IN)
                         net (fo=0)                   0.000     0.000    sw[1]
    P15                  IBUF (Prop_ibuf_I_O)         1.451     1.451 r  sw_IBUF[1]_inst/O
                         net (fo=5, routed)           2.545     3.996    blinker_inst/sw_IBUF[1]
    SLICE_X42Y61         LUT5 (Prop_lut5_I0_O)        0.124     4.120 r  blinker_inst/counter[0]_i_1/O
                         net (fo=26, routed)          0.735     4.855    blinker_inst/counter[0]_i_1_n_0
    SLICE_X43Y57         FDRE                                         r  blinker_inst/counter_reg[4]/R
  -------------------------------------------------------------------    -------------------

                         (clock sys_clk_pin rise edge)
                                                      0.000     0.000 r  
    K17                                               0.000     0.000 r  sys_clk (IN)
                         net (fo=0)                   0.000     0.000    sys_clk
    K17                  IBUF (Prop_ibuf_I_O)         1.421     1.421 r  sys_clk_IBUF_inst/O
                         net (fo=1, routed)           1.880     3.301    sys_clk_IBUF
    BUFGCTRL_X0Y16       BUFG (Prop_bufg_I_O)         0.091     3.392 r  sys_clk_IBUF_BUFG_inst/O
                         net (fo=27, routed)          1.562     4.954    blinker_inst/sys_clk
    SLICE_X43Y57         FDRE                                         r  blinker_inst/counter_reg[4]/C

Slack:                    inf
  Source:                 sw[1]
                            (input port)
  Destination:            blinker_inst/counter_reg[5]/R
                            (rising edge-triggered cell FDRE clocked by sys_clk_pin  {rise@0.000ns fall@4.000ns period=8.000ns})
  Path Group:             (none)
  Path Type:              Setup (Max at Slow Process Corner)
  Data Path Delay:        4.855ns  (logic 1.575ns (32.434%)  route 3.281ns (67.566%))
  Logic Levels:           2  (IBUF=1 LUT5=1)
  Clock Path Skew:        4.954ns (DCD - SCD + CPR)
    Destination Clock Delay (DCD):    4.954ns
    Source Clock Delay      (SCD):    0.000ns
    Clock Pessimism Removal (CPR):    0.000ns
  Clock Uncertainty:      0.025ns  ((TSJ^2 + TIJ^2)^1/2 + DJ) / 2 + PE
    Total System Jitter     (TSJ):    0.050ns
    Total Input Jitter      (TIJ):    0.000ns
    Discrete Jitter          (DJ):    0.000ns
    Phase Error              (PE):    0.000ns

    Location             Delay type                Incr(ns)  Path(ns)    Netlist Resource(s)
  -------------------------------------------------------------------    -------------------
    P15                                               0.000     0.000 r  sw[1] (IN)
                         net (fo=0)                   0.000     0.000    sw[1]
    P15                  IBUF (Prop_ibuf_I_O)         1.451     1.451 r  sw_IBUF[1]_inst/O
                         net (fo=5, routed)           2.545     3.996    blinker_inst/sw_IBUF[1]
    SLICE_X42Y61         LUT5 (Prop_lut5_I0_O)        0.124     4.120 r  blinker_inst/counter[0]_i_1/O
                         net (fo=26, routed)          0.735     4.855    blinker_inst/counter[0]_i_1_n_0
    SLICE_X43Y57         FDRE                                         r  blinker_inst/counter_reg[5]/R
  -------------------------------------------------------------------    -------------------

                         (clock sys_clk_pin rise edge)
                                                      0.000     0.000 r  
    K17                                               0.000     0.000 r  sys_clk (IN)
                         net (fo=0)                   0.000     0.000    sys_clk
    K17                  IBUF (Prop_ibuf_I_O)         1.421     1.421 r  sys_clk_IBUF_inst/O
                         net (fo=1, routed)           1.880     3.301    sys_clk_IBUF
    BUFGCTRL_X0Y16       BUFG (Prop_bufg_I_O)         0.091     3.392 r  sys_clk_IBUF_BUFG_inst/O
                         net (fo=27, routed)          1.562     4.954    blinker_inst/sys_clk
    SLICE_X43Y57         FDRE                                         r  blinker_inst/counter_reg[5]/C

Slack:                    inf
  Source:                 sw[1]
                            (input port)
  Destination:            blinker_inst/counter_reg[6]/R
                            (rising edge-triggered cell FDRE clocked by sys_clk_pin  {rise@0.000ns fall@4.000ns period=8.000ns})
  Path Group:             (none)
  Path Type:              Setup (Max at Slow Process Corner)
  Data Path Delay:        4.855ns  (logic 1.575ns (32.434%)  route 3.281ns (67.566%))
  Logic Levels:           2  (IBUF=1 LUT5=1)
  Clock Path Skew:        4.954ns (DCD - SCD + CPR)
    Destination Clock Delay (DCD):    4.954ns
    Source Clock Delay      (SCD):    0.000ns
    Clock Pessimism Removal (CPR):    0.000ns
  Clock Uncertainty:      0.025ns  ((TSJ^2 + TIJ^2)^1/2 + DJ) / 2 + PE
    Total System Jitter     (TSJ):    0.050ns
    Total Input Jitter      (TIJ):    0.000ns
    Discrete Jitter          (DJ):    0.000ns
    Phase Error              (PE):    0.000ns

    Location             Delay type                Incr(ns)  Path(ns)    Netlist Resource(s)
  -------------------------------------------------------------------    -------------------
    P15                                               0.000     0.000 r  sw[1] (IN)
                         net (fo=0)                   0.000     0.000    sw[1]
    P15                  IBUF (Prop_ibuf_I_O)         1.451     1.451 r  sw_IBUF[1]_inst/O
                         net (fo=5, routed)           2.545     3.996    blinker_inst/sw_IBUF[1]
    SLICE_X42Y61         LUT5 (Prop_lut5_I0_O)        0.124     4.120 r  blinker_inst/counter[0]_i_1/O
                         net (fo=26, routed)          0.735     4.855    blinker_inst/counter[0]_i_1_n_0
    SLICE_X43Y57         FDRE                                         r  blinker_inst/counter_reg[6]/R
  -------------------------------------------------------------------    -------------------

                         (clock sys_clk_pin rise edge)
                                                      0.000     0.000 r  
    K17                                               0.000     0.000 r  sys_clk (IN)
                         net (fo=0)                   0.000     0.000    sys_clk
    K17                  IBUF (Prop_ibuf_I_O)         1.421     1.421 r  sys_clk_IBUF_inst/O
                         net (fo=1, routed)           1.880     3.301    sys_clk_IBUF
    BUFGCTRL_X0Y16       BUFG (Prop_bufg_I_O)         0.091     3.392 r  sys_clk_IBUF_BUFG_inst/O
                         net (fo=27, routed)          1.562     4.954    blinker_inst/sys_clk
    SLICE_X43Y57         FDRE                                         r  blinker_inst/counter_reg[6]/C

Slack:                    inf
  Source:                 sw[1]
                            (input port)
  Destination:            blinker_inst/counter_reg[7]/R
                            (rising edge-triggered cell FDRE clocked by sys_clk_pin  {rise@0.000ns fall@4.000ns period=8.000ns})
  Path Group:             (none)
  Path Type:              Setup (Max at Slow Process Corner)
  Data Path Delay:        4.855ns  (logic 1.575ns (32.434%)  route 3.281ns (67.566%))
  Logic Levels:           2  (IBUF=1 LUT5=1)
  Clock Path Skew:        4.954ns (DCD - SCD + CPR)
    Destination Clock Delay (DCD):    4.954ns
    Source Clock Delay      (SCD):    0.000ns
    Clock Pessimism Removal (CPR):    0.000ns
  Clock Uncertainty:      0.025ns  ((TSJ^2 + TIJ^2)^1/2 + DJ) / 2 + PE
    Total System Jitter     (TSJ):    0.050ns
    Total Input Jitter      (TIJ):    0.000ns
    Discrete Jitter          (DJ):    0.000ns
    Phase Error              (PE):    0.000ns

    Location             Delay type                Incr(ns)  Path(ns)    Netlist Resource(s)
  -------------------------------------------------------------------    -------------------
    P15                                               0.000     0.000 r  sw[1] (IN)
                         net (fo=0)                   0.000     0.000    sw[1]
    P15                  IBUF (Prop_ibuf_I_O)         1.451     1.451 r  sw_IBUF[1]_inst/O
                         net (fo=5, routed)           2.545     3.996    blinker_inst/sw_IBUF[1]
    SLICE_X42Y61         LUT5 (Prop_lut5_I0_O)        0.124     4.120 r  blinker_inst/counter[0]_i_1/O
                         net (fo=26, routed)          0.735     4.855    blinker_inst/counter[0]_i_1_n_0
    SLICE_X43Y57         FDRE                                         r  blinker_inst/counter_reg[7]/R
  -------------------------------------------------------------------    -------------------

                         (clock sys_clk_pin rise edge)
                                                      0.000     0.000 r  
    K17                                               0.000     0.000 r  sys_clk (IN)
                         net (fo=0)                   0.000     0.000    sys_clk
    K17                  IBUF (Prop_ibuf_I_O)         1.421     1.421 r  sys_clk_IBUF_inst/O
                         net (fo=1, routed)           1.880     3.301    sys_clk_IBUF
    BUFGCTRL_X0Y16       BUFG (Prop_bufg_I_O)         0.091     3.392 r  sys_clk_IBUF_BUFG_inst/O
                         net (fo=27, routed)          1.562     4.954    blinker_inst/sys_clk
    SLICE_X43Y57         FDRE                                         r  blinker_inst/counter_reg[7]/C

Slack:                    inf
  Source:                 sw[1]
                            (input port)
  Destination:            blinker_inst/counter_reg[10]/R
                            (rising edge-triggered cell FDRE clocked by sys_clk_pin  {rise@0.000ns fall@4.000ns period=8.000ns})
  Path Group:             (none)
  Path Type:              Setup (Max at Slow Process Corner)
  Data Path Delay:        4.806ns  (logic 1.575ns (32.764%)  route 3.232ns (67.236%))
  Logic Levels:           2  (IBUF=1 LUT5=1)
  Clock Path Skew:        4.954ns (DCD - SCD + CPR)
    Destination Clock Delay (DCD):    4.954ns
    Source Clock Delay      (SCD):    0.000ns
    Clock Pessimism Removal (CPR):    0.000ns
  Clock Uncertainty:      0.025ns  ((TSJ^2 + TIJ^2)^1/2 + DJ) / 2 + PE
    Total System Jitter     (TSJ):    0.050ns
    Total Input Jitter      (TIJ):    0.000ns
    Discrete Jitter          (DJ):    0.000ns
    Phase Error              (PE):    0.000ns

    Location             Delay type                Incr(ns)  Path(ns)    Netlist Resource(s)
  -------------------------------------------------------------------    -------------------
    P15                                               0.000     0.000 r  sw[1] (IN)
                         net (fo=0)                   0.000     0.000    sw[1]
    P15                  IBUF (Prop_ibuf_I_O)         1.451     1.451 r  sw_IBUF[1]_inst/O
                         net (fo=5, routed)           2.545     3.996    blinker_inst/sw_IBUF[1]
    SLICE_X42Y61         LUT5 (Prop_lut5_I0_O)        0.124     4.120 r  blinker_inst/counter[0]_i_1/O
                         net (fo=26, routed)          0.686     4.806    blinker_inst/counter[0]_i_1_n_0
    SLICE_X43Y58         FDRE                                         r  blinker_inst/counter_reg[10]/R
  -------------------------------------------------------------------    -------------------

                         (clock sys_clk_pin rise edge)
                                                      0.000     0.000 r  
    K17                                               0.000     0.000 r  sys_clk (IN)
                         net (fo=0)                   0.000     0.000    sys_clk
    K17                  IBUF (Prop_ibuf_I_O)         1.421     1.421 r  sys_clk_IBUF_inst/O
                         net (fo=1, routed)           1.880     3.301    sys_clk_IBUF
    BUFGCTRL_X0Y16       BUFG (Prop_bufg_I_O)         0.091     3.392 r  sys_clk_IBUF_BUFG_inst/O
                         net (fo=27, routed)          1.562     4.954    blinker_inst/sys_clk
    SLICE_X43Y58         FDRE                                         r  blinker_inst/counter_reg[10]/C

Slack:                    inf
  Source:                 sw[1]
                            (input port)
  Destination:            blinker_inst/counter_reg[11]/R
                            (rising edge-triggered cell FDRE clocked by sys_clk_pin  {rise@0.000ns fall@4.000ns period=8.000ns})
  Path Group:             (none)
  Path Type:              Setup (Max at Slow Process Corner)
  Data Path Delay:        4.806ns  (logic 1.575ns (32.764%)  route 3.232ns (67.236%))
  Logic Levels:           2  (IBUF=1 LUT5=1)
  Clock Path Skew:        4.954ns (DCD - SCD + CPR)
    Destination Clock Delay (DCD):    4.954ns
    Source Clock Delay      (SCD):    0.000ns
    Clock Pessimism Removal (CPR):    0.000ns
  Clock Uncertainty:      0.025ns  ((TSJ^2 + TIJ^2)^1/2 + DJ) / 2 + PE
    Total System Jitter     (TSJ):    0.050ns
    Total Input Jitter      (TIJ):    0.000ns
    Discrete Jitter          (DJ):    0.000ns
    Phase Error              (PE):    0.000ns

    Location             Delay type                Incr(ns)  Path(ns)    Netlist Resource(s)
  -------------------------------------------------------------------    -------------------
    P15                                               0.000     0.000 r  sw[1] (IN)
                         net (fo=0)                   0.000     0.000    sw[1]
    P15                  IBUF (Prop_ibuf_I_O)         1.451     1.451 r  sw_IBUF[1]_inst/O
                         net (fo=5, routed)           2.545     3.996    blinker_inst/sw_IBUF[1]
    SLICE_X42Y61         LUT5 (Prop_lut5_I0_O)        0.124     4.120 r  blinker_inst/counter[0]_i_1/O
                         net (fo=26, routed)          0.686     4.806    blinker_inst/counter[0]_i_1_n_0
    SLICE_X43Y58         FDRE                                         r  blinker_inst/counter_reg[11]/R
  -------------------------------------------------------------------    -------------------

                         (clock sys_clk_pin rise edge)
                                                      0.000     0.000 r  
    K17                                               0.000     0.000 r  sys_clk (IN)
                         net (fo=0)                   0.000     0.000    sys_clk
    K17                  IBUF (Prop_ibuf_I_O)         1.421     1.421 r  sys_clk_IBUF_inst/O
                         net (fo=1, routed)           1.880     3.301    sys_clk_IBUF
    BUFGCTRL_X0Y16       BUFG (Prop_bufg_I_O)         0.091     3.392 r  sys_clk_IBUF_BUFG_inst/O
                         net (fo=27, routed)          1.562     4.954    blinker_inst/sys_clk
    SLICE_X43Y58         FDRE                                         r  blinker_inst/counter_reg[11]/C

Slack:                    inf
  Source:                 sw[1]
                            (input port)
  Destination:            blinker_inst/counter_reg[8]/R
                            (rising edge-triggered cell FDRE clocked by sys_clk_pin  {rise@0.000ns fall@4.000ns period=8.000ns})
  Path Group:             (none)
  Path Type:              Setup (Max at Slow Process Corner)
  Data Path Delay:        4.806ns  (logic 1.575ns (32.764%)  route 3.232ns (67.236%))
  Logic Levels:           2  (IBUF=1 LUT5=1)
  Clock Path Skew:        4.954ns (DCD - SCD + CPR)
    Destination Clock Delay (DCD):    4.954ns
    Source Clock Delay      (SCD):    0.000ns
    Clock Pessimism Removal (CPR):    0.000ns
  Clock Uncertainty:      0.025ns  ((TSJ^2 + TIJ^2)^1/2 + DJ) / 2 + PE
    Total System Jitter     (TSJ):    0.050ns
    Total Input Jitter      (TIJ):    0.000ns
    Discrete Jitter          (DJ):    0.000ns
    Phase Error              (PE):    0.000ns

    Location             Delay type                Incr(ns)  Path(ns)    Netlist Resource(s)
  -------------------------------------------------------------------    -------------------
    P15                                               0.000     0.000 r  sw[1] (IN)
                         net (fo=0)                   0.000     0.000    sw[1]
    P15                  IBUF (Prop_ibuf_I_O)         1.451     1.451 r  sw_IBUF[1]_inst/O
                         net (fo=5, routed)           2.545     3.996    blinker_inst/sw_IBUF[1]
    SLICE_X42Y61         LUT5 (Prop_lut5_I0_O)        0.124     4.120 r  blinker_inst/counter[0]_i_1/O
                         net (fo=26, routed)          0.686     4.806    blinker_inst/counter[0]_i_1_n_0
    SLICE_X43Y58         FDRE                                         r  blinker_inst/counter_reg[8]/R
  -------------------------------------------------------------------    -------------------

                         (clock sys_clk_pin rise edge)
                                                      0.000     0.000 r  
    K17                                               0.000     0.000 r  sys_clk (IN)
                         net (fo=0)                   0.000     0.000    sys_clk
    K17                  IBUF (Prop_ibuf_I_O)         1.421     1.421 r  sys_clk_IBUF_inst/O
                         net (fo=1, routed)           1.880     3.301    sys_clk_IBUF
    BUFGCTRL_X0Y16       BUFG (Prop_bufg_I_O)         0.091     3.392 r  sys_clk_IBUF_BUFG_inst/O
                         net (fo=27, routed)          1.562     4.954    blinker_inst/sys_clk
    SLICE_X43Y58         FDRE                                         r  blinker_inst/counter_reg[8]/C

Slack:                    inf
  Source:                 sw[1]
                            (input port)
  Destination:            blinker_inst/counter_reg[9]/R
                            (rising edge-triggered cell FDRE clocked by sys_clk_pin  {rise@0.000ns fall@4.000ns period=8.000ns})
  Path Group:             (none)
  Path Type:              Setup (Max at Slow Process Corner)
  Data Path Delay:        4.806ns  (logic 1.575ns (32.764%)  route 3.232ns (67.236%))
  Logic Levels:           2  (IBUF=1 LUT5=1)
  Clock Path Skew:        4.954ns (DCD - SCD + CPR)
    Destination Clock Delay (DCD):    4.954ns
    Source Clock Delay      (SCD):    0.000ns
    Clock Pessimism Removal (CPR):    0.000ns
  Clock Uncertainty:      0.025ns  ((TSJ^2 + TIJ^2)^1/2 + DJ) / 2 + PE
    Total System Jitter     (TSJ):    0.050ns
    Total Input Jitter      (TIJ):    0.000ns
    Discrete Jitter          (DJ):    0.000ns
    Phase Error              (PE):    0.000ns

    Location             Delay type                Incr(ns)  Path(ns)    Netlist Resource(s)
  -------------------------------------------------------------------    -------------------
    P15                                               0.000     0.000 r  sw[1] (IN)
                         net (fo=0)                   0.000     0.000    sw[1]
    P15                  IBUF (Prop_ibuf_I_O)         1.451     1.451 r  sw_IBUF[1]_inst/O
                         net (fo=5, routed)           2.545     3.996    blinker_inst/sw_IBUF[1]
    SLICE_X42Y61         LUT5 (Prop_lut5_I0_O)        0.124     4.120 r  blinker_inst/counter[0]_i_1/O
                         net (fo=26, routed)          0.686     4.806    blinker_inst/counter[0]_i_1_n_0
    SLICE_X43Y58         FDRE                                         r  blinker_inst/counter_reg[9]/R
  -------------------------------------------------------------------    -------------------

                         (clock sys_clk_pin rise edge)
                                                      0.000     0.000 r  
    K17                                               0.000     0.000 r  sys_clk (IN)
                         net (fo=0)                   0.000     0.000    sys_clk
    K17                  IBUF (Prop_ibuf_I_O)         1.421     1.421 r  sys_clk_IBUF_inst/O
                         net (fo=1, routed)           1.880     3.301    sys_clk_IBUF
    BUFGCTRL_X0Y16       BUFG (Prop_bufg_I_O)         0.091     3.392 r  sys_clk_IBUF_BUFG_inst/O
                         net (fo=27, routed)          1.562     4.954    blinker_inst/sys_clk
    SLICE_X43Y58         FDRE                                         r  blinker_inst/counter_reg[9]/C

Slack:                    inf
  Source:                 sw[1]
                            (input port)
  Destination:            blinker_inst/counter_reg[20]/R
                            (rising edge-triggered cell FDRE clocked by sys_clk_pin  {rise@0.000ns fall@4.000ns period=8.000ns})
  Path Group:             (none)
  Path Type:              Setup (Max at Slow Process Corner)
  Data Path Delay:        4.734ns  (logic 1.575ns (33.263%)  route 3.159ns (66.737%))
  Logic Levels:           2  (IBUF=1 LUT5=1)
  Clock Path Skew:        4.952ns (DCD - SCD + CPR)
    Destination Clock Delay (DCD):    4.952ns
    Source Clock Delay      (SCD):    0.000ns
    Clock Pessimism Removal (CPR):    0.000ns
  Clock Uncertainty:      0.025ns  ((TSJ^2 + TIJ^2)^1/2 + DJ) / 2 + PE
    Total System Jitter     (TSJ):    0.050ns
    Total Input Jitter      (TIJ):    0.000ns
    Discrete Jitter          (DJ):    0.000ns
    Phase Error              (PE):    0.000ns

    Location             Delay type                Incr(ns)  Path(ns)    Netlist Resource(s)
  -------------------------------------------------------------------    -------------------
    P15                                               0.000     0.000 r  sw[1] (IN)
                         net (fo=0)                   0.000     0.000    sw[1]
    P15                  IBUF (Prop_ibuf_I_O)         1.451     1.451 r  sw_IBUF[1]_inst/O
                         net (fo=5, routed)           2.545     3.996    blinker_inst/sw_IBUF[1]
    SLICE_X42Y61         LUT5 (Prop_lut5_I0_O)        0.124     4.120 r  blinker_inst/counter[0]_i_1/O
                         net (fo=26, routed)          0.614     4.734    blinker_inst/counter[0]_i_1_n_0
    SLICE_X43Y61         FDRE                                         r  blinker_inst/counter_reg[20]/R
  -------------------------------------------------------------------    -------------------

                         (clock sys_clk_pin rise edge)
                                                      0.000     0.000 r  
    K17                                               0.000     0.000 r  sys_clk (IN)
                         net (fo=0)                   0.000     0.000    sys_clk
    K17                  IBUF (Prop_ibuf_I_O)         1.421     1.421 r  sys_clk_IBUF_inst/O
                         net (fo=1, routed)           1.880     3.301    sys_clk_IBUF
    BUFGCTRL_X0Y16       BUFG (Prop_bufg_I_O)         0.091     3.392 r  sys_clk_IBUF_BUFG_inst/O
                         net (fo=27, routed)          1.560     4.952    blinker_inst/sys_clk
    SLICE_X43Y61         FDRE                                         r  blinker_inst/counter_reg[20]/C

Slack:                    inf
  Source:                 sw[1]
                            (input port)
  Destination:            blinker_inst/counter_reg[21]/R
                            (rising edge-triggered cell FDRE clocked by sys_clk_pin  {rise@0.000ns fall@4.000ns period=8.000ns})
  Path Group:             (none)
  Path Type:              Setup (Max at Slow Process Corner)
  Data Path Delay:        4.734ns  (logic 1.575ns (33.263%)  route 3.159ns (66.737%))
  Logic Levels:           2  (IBUF=1 LUT5=1)
  Clock Path Skew:        4.952ns (DCD - SCD + CPR)
    Destination Clock Delay (DCD):    4.952ns
    Source Clock Delay      (SCD):    0.000ns
    Clock Pessimism Removal (CPR):    0.000ns
  Clock Uncertainty:      0.025ns  ((TSJ^2 + TIJ^2)^1/2 + DJ) / 2 + PE
    Total System Jitter     (TSJ):    0.050ns
    Total Input Jitter      (TIJ):    0.000ns
    Discrete Jitter          (DJ):    0.000ns
    Phase Error              (PE):    0.000ns

    Location             Delay type                Incr(ns)  Path(ns)    Netlist Resource(s)
  -------------------------------------------------------------------    -------------------
    P15                                               0.000     0.000 r  sw[1] (IN)
                         net (fo=0)                   0.000     0.000    sw[1]
    P15                  IBUF (Prop_ibuf_I_O)         1.451     1.451 r  sw_IBUF[1]_inst/O
                         net (fo=5, routed)           2.545     3.996    blinker_inst/sw_IBUF[1]
    SLICE_X42Y61         LUT5 (Prop_lut5_I0_O)        0.124     4.120 r  blinker_inst/counter[0]_i_1/O
                         net (fo=26, routed)          0.614     4.734    blinker_inst/counter[0]_i_1_n_0
    SLICE_X43Y61         FDRE                                         r  blinker_inst/counter_reg[21]/R
  -------------------------------------------------------------------    -------------------

                         (clock sys_clk_pin rise edge)
                                                      0.000     0.000 r  
    K17                                               0.000     0.000 r  sys_clk (IN)
                         net (fo=0)                   0.000     0.000    sys_clk
    K17                  IBUF (Prop_ibuf_I_O)         1.421     1.421 r  sys_clk_IBUF_inst/O
                         net (fo=1, routed)           1.880     3.301    sys_clk_IBUF
    BUFGCTRL_X0Y16       BUFG (Prop_bufg_I_O)         0.091     3.392 r  sys_clk_IBUF_BUFG_inst/O
                         net (fo=27, routed)          1.560     4.952    blinker_inst/sys_clk
    SLICE_X43Y61         FDRE                                         r  blinker_inst/counter_reg[21]/C





Min Delay Paths
--------------------------------------------------------------------------------------
Slack:                    inf
  Source:                 sw[0]
                            (input port)
  Destination:            blinker_inst/led_out_reg_reg/D
                            (rising edge-triggered cell FDRE clocked by sys_clk_pin  {rise@0.000ns fall@4.000ns period=8.000ns})
  Path Group:             (none)
  Path Type:              Hold (Min at Fast Process Corner)
  Data Path Delay:        0.754ns  (logic 0.265ns (35.231%)  route 0.488ns (64.769%))
  Logic Levels:           2  (IBUF=1 LUT6=1)
  Clock Path Skew:        2.015ns (DCD - SCD - CPR)
    Destination Clock Delay (DCD):    2.015ns
    Source Clock Delay      (SCD):    0.000ns
    Clock Pessimism Removal (CPR):    -0.000ns

    Location             Delay type                Incr(ns)  Path(ns)    Netlist Resource(s)
  -------------------------------------------------------------------    -------------------
    G15                                               0.000     0.000 r  sw[0] (IN)
                         net (fo=0)                   0.000     0.000    sw[0]
    G15                  IBUF (Prop_ibuf_I_O)         0.220     0.220 r  sw_IBUF[0]_inst/O
                         net (fo=5, routed)           0.488     0.709    blinker_inst/sw_IBUF[0]
    SLICE_X42Y61         LUT6 (Prop_lut6_I3_O)        0.045     0.754 r  blinker_inst/led_out_reg_i_1/O
                         net (fo=1, routed)           0.000     0.754    blinker_inst/led_out_reg_i_1_n_0
    SLICE_X42Y61         FDRE                                         r  blinker_inst/led_out_reg_reg/D
  -------------------------------------------------------------------    -------------------

                         (clock sys_clk_pin rise edge)
                                                      0.000     0.000 r  
    K17                                               0.000     0.000 r  sys_clk (IN)
                         net (fo=0)                   0.000     0.000    sys_clk
    K17                  IBUF (Prop_ibuf_I_O)         0.447     0.447 r  sys_clk_IBUF_inst/O
                         net (fo=1, routed)           0.683     1.130    sys_clk_IBUF
    BUFGCTRL_X0Y16       BUFG (Prop_bufg_I_O)         0.029     1.159 r  sys_clk_IBUF_BUFG_inst/O
                         net (fo=27, routed)          0.856     2.015    blinker_inst/sys_clk
    SLICE_X42Y61         FDRE                                         r  blinker_inst/led_out_reg_reg/C

Slack:                    inf
  Source:                 sw[0]
                            (input port)
  Destination:            blinker_inst/counter_reg[24]/R
                            (rising edge-triggered cell FDRE clocked by sys_clk_pin  {rise@0.000ns fall@4.000ns period=8.000ns})
  Path Group:             (none)
  Path Type:              Hold (Min at Fast Process Corner)
  Data Path Delay:        0.976ns  (logic 0.265ns (27.213%)  route 0.710ns (72.787%))
  Logic Levels:           2  (IBUF=1 LUT5=1)
  Clock Path Skew:        2.013ns (DCD - SCD - CPR)
    Destination Clock Delay (DCD):    2.013ns
    Source Clock Delay      (SCD):    0.000ns
    Clock Pessimism Removal (CPR):    -0.000ns

    Location             Delay type                Incr(ns)  Path(ns)    Netlist Resource(s)
  -------------------------------------------------------------------    -------------------
    G15                                               0.000     0.000 r  sw[0] (IN)
                         net (fo=0)                   0.000     0.000    sw[0]
    G15                  IBUF (Prop_ibuf_I_O)         0.220     0.220 r  sw_IBUF[0]_inst/O
                         net (fo=5, routed)           0.558     0.779    blinker_inst/sw_IBUF[0]
    SLICE_X42Y61         LUT5 (Prop_lut5_I1_O)        0.045     0.824 r  blinker_inst/counter[0]_i_1/O
                         net (fo=26, routed)          0.152     0.976    blinker_inst/counter[0]_i_1_n_0
    SLICE_X43Y62         FDRE                                         r  blinker_inst/counter_reg[24]/R
  -------------------------------------------------------------------    -------------------

                         (clock sys_clk_pin rise edge)
                                                      0.000     0.000 r  
    K17                                               0.000     0.000 r  sys_clk (IN)
                         net (fo=0)                   0.000     0.000    sys_clk
    K17                  IBUF (Prop_ibuf_I_O)         0.447     0.447 r  sys_clk_IBUF_inst/O
                         net (fo=1, routed)           0.683     1.130    sys_clk_IBUF
    BUFGCTRL_X0Y16       BUFG (Prop_bufg_I_O)         0.029     1.159 r  sys_clk_IBUF_BUFG_inst/O
                         net (fo=27, routed)          0.854     2.013    blinker_inst/sys_clk
    SLICE_X43Y62         FDRE                                         r  blinker_inst/counter_reg[24]/C

Slack:                    inf
  Source:                 sw[0]
                            (input port)
  Destination:            blinker_inst/counter_reg[25]/R
                            (rising edge-triggered cell FDRE clocked by sys_clk_pin  {rise@0.000ns fall@4.000ns period=8.000ns})
  Path Group:             (none)
  Path Type:              Hold (Min at Fast Process Corner)
  Data Path Delay:        0.976ns  (logic 0.265ns (27.213%)  route 0.710ns (72.787%))
  Logic Levels:           2  (IBUF=1 LUT5=1)
  Clock Path Skew:        2.013ns (DCD - SCD - CPR)
    Destination Clock Delay (DCD):    2.013ns
    Source Clock Delay      (SCD):    0.000ns
    Clock Pessimism Removal (CPR):    -0.000ns

    Location             Delay type                Incr(ns)  Path(ns)    Netlist Resource(s)
  -------------------------------------------------------------------    -------------------
    G15                                               0.000     0.000 r  sw[0] (IN)
                         net (fo=0)                   0.000     0.000    sw[0]
    G15                  IBUF (Prop_ibuf_I_O)         0.220     0.220 r  sw_IBUF[0]_inst/O
                         net (fo=5, routed)           0.558     0.779    blinker_inst/sw_IBUF[0]
    SLICE_X42Y61         LUT5 (Prop_lut5_I1_O)        0.045     0.824 r  blinker_inst/counter[0]_i_1/O
                         net (fo=26, routed)          0.152     0.976    blinker_inst/counter[0]_i_1_n_0
    SLICE_X43Y62         FDRE                                         r  blinker_inst/counter_reg[25]/R
  -------------------------------------------------------------------    -------------------

                         (clock sys_clk_pin rise edge)
                                                      0.000     0.000 r  
    K17                                               0.000     0.000 r  sys_clk (IN)
                         net (fo=0)                   0.000     0.000    sys_clk
    K17                  IBUF (Prop_ibuf_I_O)         0.447     0.447 r  sys_clk_IBUF_inst/O
                         net (fo=1, routed)           0.683     1.130    sys_clk_IBUF
    BUFGCTRL_X0Y16       BUFG (Prop_bufg_I_O)         0.029     1.159 r  sys_clk_IBUF_BUFG_inst/O
                         net (fo=27, routed)          0.854     2.013    blinker_inst/sys_clk
    SLICE_X43Y62         FDRE                                         r  blinker_inst/counter_reg[25]/C

Slack:                    inf
  Source:                 sw[0]
                            (input port)
  Destination:            blinker_inst/counter_reg[20]/R
                            (rising edge-triggered cell FDRE clocked by sys_clk_pin  {rise@0.000ns fall@4.000ns period=8.000ns})
  Path Group:             (none)
  Path Type:              Hold (Min at Fast Process Corner)
  Data Path Delay:        1.041ns  (logic 0.265ns (25.506%)  route 0.775ns (74.494%))
  Logic Levels:           2  (IBUF=1 LUT5=1)
  Clock Path Skew:        2.015ns (DCD - SCD - CPR)
    Destination Clock Delay (DCD):    2.015ns
    Source Clock Delay      (SCD):    0.000ns
    Clock Pessimism Removal (CPR):    -0.000ns

    Location             Delay type                Incr(ns)  Path(ns)    Netlist Resource(s)
  -------------------------------------------------------------------    -------------------
    G15                                               0.000     0.000 r  sw[0] (IN)
                         net (fo=0)                   0.000     0.000    sw[0]
    G15                  IBUF (Prop_ibuf_I_O)         0.220     0.220 r  sw_IBUF[0]_inst/O
                         net (fo=5, routed)           0.558     0.779    blinker_inst/sw_IBUF[0]
    SLICE_X42Y61         LUT5 (Prop_lut5_I1_O)        0.045     0.824 r  blinker_inst/counter[0]_i_1/O
                         net (fo=26, routed)          0.217     1.041    blinker_inst/counter[0]_i_1_n_0
    SLICE_X43Y61         FDRE                                         r  blinker_inst/counter_reg[20]/R
  -------------------------------------------------------------------    -------------------

                         (clock sys_clk_pin rise edge)
                                                      0.000     0.000 r  
    K17                                               0.000     0.000 r  sys_clk (IN)
                         net (fo=0)                   0.000     0.000    sys_clk
    K17                  IBUF (Prop_ibuf_I_O)         0.447     0.447 r  sys_clk_IBUF_inst/O
                         net (fo=1, routed)           0.683     1.130    sys_clk_IBUF
    BUFGCTRL_X0Y16       BUFG (Prop_bufg_I_O)         0.029     1.159 r  sys_clk_IBUF_BUFG_inst/O
                         net (fo=27, routed)          0.856     2.015    blinker_inst/sys_clk
    SLICE_X43Y61         FDRE                                         r  blinker_inst/counter_reg[20]/C

Slack:                    inf
  Source:                 sw[0]
                            (input port)
  Destination:            blinker_inst/counter_reg[21]/R
                            (rising edge-triggered cell FDRE clocked by sys_clk_pin  {rise@0.000ns fall@4.000ns period=8.000ns})
  Path Group:             (none)
  Path Type:              Hold (Min at Fast Process Corner)
  Data Path Delay:        1.041ns  (logic 0.265ns (25.506%)  route 0.775ns (74.494%))
  Logic Levels:           2  (IBUF=1 LUT5=1)
  Clock Path Skew:        2.015ns (DCD - SCD - CPR)
    Destination Clock Delay (DCD):    2.015ns
    Source Clock Delay      (SCD):    0.000ns
    Clock Pessimism Removal (CPR):    -0.000ns

    Location             Delay type                Incr(ns)  Path(ns)    Netlist Resource(s)
  -------------------------------------------------------------------    -------------------
    G15                                               0.000     0.000 r  sw[0] (IN)
                         net (fo=0)                   0.000     0.000    sw[0]
    G15                  IBUF (Prop_ibuf_I_O)         0.220     0.220 r  sw_IBUF[0]_inst/O
                         net (fo=5, routed)           0.558     0.779    blinker_inst/sw_IBUF[0]
    SLICE_X42Y61         LUT5 (Prop_lut5_I1_O)        0.045     0.824 r  blinker_inst/counter[0]_i_1/O
                         net (fo=26, routed)          0.217     1.041    blinker_inst/counter[0]_i_1_n_0
    SLICE_X43Y61         FDRE                                         r  blinker_inst/counter_reg[21]/R
  -------------------------------------------------------------------    -------------------

                         (clock sys_clk_pin rise edge)
                                                      0.000     0.000 r  
    K17                                               0.000     0.000 r  sys_clk (IN)
                         net (fo=0)                   0.000     0.000    sys_clk
    K17                  IBUF (Prop_ibuf_I_O)         0.447     0.447 r  sys_clk_IBUF_inst/O
                         net (fo=1, routed)           0.683     1.130    sys_clk_IBUF
    BUFGCTRL_X0Y16       BUFG (Prop_bufg_I_O)         0.029     1.159 r  sys_clk_IBUF_BUFG_inst/O
                         net (fo=27, routed)          0.856     2.015    blinker_inst/sys_clk
    SLICE_X43Y61         FDRE                                         r  blinker_inst/counter_reg[21]/C

Slack:                    inf
  Source:                 sw[0]
                            (input port)
  Destination:            blinker_inst/counter_reg[22]/R
                            (rising edge-triggered cell FDRE clocked by sys_clk_pin  {rise@0.000ns fall@4.000ns period=8.000ns})
  Path Group:             (none)
  Path Type:              Hold (Min at Fast Process Corner)
  Data Path Delay:        1.041ns  (logic 0.265ns (25.506%)  route 0.775ns (74.494%))
  Logic Levels:           2  (IBUF=1 LUT5=1)
  Clock Path Skew:        2.015ns (DCD - SCD - CPR)
    Destination Clock Delay (DCD):    2.015ns
    Source Clock Delay      (SCD):    0.000ns
    Clock Pessimism Removal (CPR):    -0.000ns

    Location             Delay type                Incr(ns)  Path(ns)    Netlist Resource(s)
  -------------------------------------------------------------------    -------------------
    G15                                               0.000     0.000 r  sw[0] (IN)
                         net (fo=0)                   0.000     0.000    sw[0]
    G15                  IBUF (Prop_ibuf_I_O)         0.220     0.220 r  sw_IBUF[0]_inst/O
                         net (fo=5, routed)           0.558     0.779    blinker_inst/sw_IBUF[0]
    SLICE_X42Y61         LUT5 (Prop_lut5_I1_O)        0.045     0.824 r  blinker_inst/counter[0]_i_1/O
                         net (fo=26, routed)          0.217     1.041    blinker_inst/counter[0]_i_1_n_0
    SLICE_X43Y61         FDRE                                         r  blinker_inst/counter_reg[22]/R
  -------------------------------------------------------------------    -------------------

                         (clock sys_clk_pin rise edge)
                                                      0.000     0.000 r  
    K17                                               0.000     0.000 r  sys_clk (IN)
                         net (fo=0)                   0.000     0.000    sys_clk
    K17                  IBUF (Prop_ibuf_I_O)         0.447     0.447 r  sys_clk_IBUF_inst/O
                         net (fo=1, routed)           0.683     1.130    sys_clk_IBUF
    BUFGCTRL_X0Y16       BUFG (Prop_bufg_I_O)         0.029     1.159 r  sys_clk_IBUF_BUFG_inst/O
                         net (fo=27, routed)          0.856     2.015    blinker_inst/sys_clk
    SLICE_X43Y61         FDRE                                         r  blinker_inst/counter_reg[22]/C

Slack:                    inf
  Source:                 sw[0]
                            (input port)
  Destination:            blinker_inst/counter_reg[23]/R
                            (rising edge-triggered cell FDRE clocked by sys_clk_pin  {rise@0.000ns fall@4.000ns period=8.000ns})
  Path Group:             (none)
  Path Type:              Hold (Min at Fast Process Corner)
  Data Path Delay:        1.041ns  (logic 0.265ns (25.506%)  route 0.775ns (74.494%))
  Logic Levels:           2  (IBUF=1 LUT5=1)
  Clock Path Skew:        2.015ns (DCD - SCD - CPR)
    Destination Clock Delay (DCD):    2.015ns
    Source Clock Delay      (SCD):    0.000ns
    Clock Pessimism Removal (CPR):    -0.000ns

    Location             Delay type                Incr(ns)  Path(ns)    Netlist Resource(s)
  -------------------------------------------------------------------    -------------------
    G15                                               0.000     0.000 r  sw[0] (IN)
                         net (fo=0)                   0.000     0.000    sw[0]
    G15                  IBUF (Prop_ibuf_I_O)         0.220     0.220 r  sw_IBUF[0]_inst/O
                         net (fo=5, routed)           0.558     0.779    blinker_inst/sw_IBUF[0]
    SLICE_X42Y61         LUT5 (Prop_lut5_I1_O)        0.045     0.824 r  blinker_inst/counter[0]_i_1/O
                         net (fo=26, routed)          0.217     1.041    blinker_inst/counter[0]_i_1_n_0
    SLICE_X43Y61         FDRE                                         r  blinker_inst/counter_reg[23]/R
  -------------------------------------------------------------------    -------------------

                         (clock sys_clk_pin rise edge)
                                                      0.000     0.000 r  
    K17                                               0.000     0.000 r  sys_clk (IN)
                         net (fo=0)                   0.000     0.000    sys_clk
    K17                  IBUF (Prop_ibuf_I_O)         0.447     0.447 r  sys_clk_IBUF_inst/O
                         net (fo=1, routed)           0.683     1.130    sys_clk_IBUF
    BUFGCTRL_X0Y16       BUFG (Prop_bufg_I_O)         0.029     1.159 r  sys_clk_IBUF_BUFG_inst/O
                         net (fo=27, routed)          0.856     2.015    blinker_inst/sys_clk
    SLICE_X43Y61         FDRE                                         r  blinker_inst/counter_reg[23]/C

Slack:                    inf
  Source:                 sw[0]
                            (input port)
  Destination:            blinker_inst/counter_reg[16]/R
                            (rising edge-triggered cell FDRE clocked by sys_clk_pin  {rise@0.000ns fall@4.000ns period=8.000ns})
  Path Group:             (none)
  Path Type:              Hold (Min at Fast Process Corner)
  Data Path Delay:        1.054ns  (logic 0.265ns (25.192%)  route 0.788ns (74.808%))
  Logic Levels:           2  (IBUF=1 LUT5=1)
  Clock Path Skew:        2.015ns (DCD - SCD - CPR)
    Destination Clock Delay (DCD):    2.015ns
    Source Clock Delay      (SCD):    0.000ns
    Clock Pessimism Removal (CPR):    -0.000ns

    Location             Delay type                Incr(ns)  Path(ns)    Netlist Resource(s)
  -------------------------------------------------------------------    -------------------
    G15                                               0.000     0.000 r  sw[0] (IN)
                         net (fo=0)                   0.000     0.000    sw[0]
    G15                  IBUF (Prop_ibuf_I_O)         0.220     0.220 r  sw_IBUF[0]_inst/O
                         net (fo=5, routed)           0.558     0.779    blinker_inst/sw_IBUF[0]
    SLICE_X42Y61         LUT5 (Prop_lut5_I1_O)        0.045     0.824 r  blinker_inst/counter[0]_i_1/O
                         net (fo=26, routed)          0.230     1.054    blinker_inst/counter[0]_i_1_n_0
    SLICE_X43Y60         FDRE                                         r  blinker_inst/counter_reg[16]/R
  -------------------------------------------------------------------    -------------------

                         (clock sys_clk_pin rise edge)
                                                      0.000     0.000 r  
    K17                                               0.000     0.000 r  sys_clk (IN)
                         net (fo=0)                   0.000     0.000    sys_clk
    K17                  IBUF (Prop_ibuf_I_O)         0.447     0.447 r  sys_clk_IBUF_inst/O
                         net (fo=1, routed)           0.683     1.130    sys_clk_IBUF
    BUFGCTRL_X0Y16       BUFG (Prop_bufg_I_O)         0.029     1.159 r  sys_clk_IBUF_BUFG_inst/O
                         net (fo=27, routed)          0.856     2.015    blinker_inst/sys_clk
    SLICE_X43Y60         FDRE                                         r  blinker_inst/counter_reg[16]/C

Slack:                    inf
  Source:                 sw[0]
                            (input port)
  Destination:            blinker_inst/counter_reg[17]/R
                            (rising edge-triggered cell FDRE clocked by sys_clk_pin  {rise@0.000ns fall@4.000ns period=8.000ns})
  Path Group:             (none)
  Path Type:              Hold (Min at Fast Process Corner)
  Data Path Delay:        1.054ns  (logic 0.265ns (25.192%)  route 0.788ns (74.808%))
  Logic Levels:           2  (IBUF=1 LUT5=1)
  Clock Path Skew:        2.015ns (DCD - SCD - CPR)
    Destination Clock Delay (DCD):    2.015ns
    Source Clock Delay      (SCD):    0.000ns
    Clock Pessimism Removal (CPR):    -0.000ns

    Location             Delay type                Incr(ns)  Path(ns)    Netlist Resource(s)
  -------------------------------------------------------------------    -------------------
    G15                                               0.000     0.000 r  sw[0] (IN)
                         net (fo=0)                   0.000     0.000    sw[0]
    G15                  IBUF (Prop_ibuf_I_O)         0.220     0.220 r  sw_IBUF[0]_inst/O
                         net (fo=5, routed)           0.558     0.779    blinker_inst/sw_IBUF[0]
    SLICE_X42Y61         LUT5 (Prop_lut5_I1_O)        0.045     0.824 r  blinker_inst/counter[0]_i_1/O
                         net (fo=26, routed)          0.230     1.054    blinker_inst/counter[0]_i_1_n_0
    SLICE_X43Y60         FDRE                                         r  blinker_inst/counter_reg[17]/R
  -------------------------------------------------------------------    -------------------

                         (clock sys_clk_pin rise edge)
                                                      0.000     0.000 r  
    K17                                               0.000     0.000 r  sys_clk (IN)
                         net (fo=0)                   0.000     0.000    sys_clk
    K17                  IBUF (Prop_ibuf_I_O)         0.447     0.447 r  sys_clk_IBUF_inst/O
                         net (fo=1, routed)           0.683     1.130    sys_clk_IBUF
    BUFGCTRL_X0Y16       BUFG (Prop_bufg_I_O)         0.029     1.159 r  sys_clk_IBUF_BUFG_inst/O
                         net (fo=27, routed)          0.856     2.015    blinker_inst/sys_clk
    SLICE_X43Y60         FDRE                                         r  blinker_inst/counter_reg[17]/C

Slack:                    inf
  Source:                 sw[0]
                            (input port)
  Destination:            blinker_inst/counter_reg[18]/R
                            (rising edge-triggered cell FDRE clocked by sys_clk_pin  {rise@0.000ns fall@4.000ns period=8.000ns})
  Path Group:             (none)
  Path Type:              Hold (Min at Fast Process Corner)
  Data Path Delay:        1.054ns  (logic 0.265ns (25.192%)  route 0.788ns (74.808%))
  Logic Levels:           2  (IBUF=1 LUT5=1)
  Clock Path Skew:        2.015ns (DCD - SCD - CPR)
    Destination Clock Delay (DCD):    2.015ns
    Source Clock Delay      (SCD):    0.000ns
    Clock Pessimism Removal (CPR):    -0.000ns

    Location             Delay type                Incr(ns)  Path(ns)    Netlist Resource(s)
  -------------------------------------------------------------------    -------------------
    G15                                               0.000     0.000 r  sw[0] (IN)
                         net (fo=0)                   0.000     0.000    sw[0]
    G15                  IBUF (Prop_ibuf_I_O)         0.220     0.220 r  sw_IBUF[0]_inst/O
                         net (fo=5, routed)           0.558     0.779    blinker_inst/sw_IBUF[0]
    SLICE_X42Y61         LUT5 (Prop_lut5_I1_O)        0.045     0.824 r  blinker_inst/counter[0]_i_1/O
                         net (fo=26, routed)          0.230     1.054    blinker_inst/counter[0]_i_1_n_0
    SLICE_X43Y60         FDRE                                         r  blinker_inst/counter_reg[18]/R
  -------------------------------------------------------------------    -------------------

                         (clock sys_clk_pin rise edge)
                                                      0.000     0.000 r  
    K17                                               0.000     0.000 r  sys_clk (IN)
                         net (fo=0)                   0.000     0.000    sys_clk
    K17                  IBUF (Prop_ibuf_I_O)         0.447     0.447 r  sys_clk_IBUF_inst/O
                         net (fo=1, routed)           0.683     1.130    sys_clk_IBUF
    BUFGCTRL_X0Y16       BUFG (Prop_bufg_I_O)         0.029     1.159 r  sys_clk_IBUF_BUFG_inst/O
                         net (fo=27, routed)          0.856     2.015    blinker_inst/sys_clk
    SLICE_X43Y60         FDRE                                         r  blinker_inst/counter_reg[18]/C





